path,resolution,series,sys_id,img_id,format,date
3000/pollen_55_5500.jpg,3000,moths-and-moonlets,55,5500,jpg,2022-03-13
800/pollen_55_5500.jpg,800,moths-and-moonlets,55,5500,jpg,2022-03-13
3000/pollen_55_5501.jpg,3000,moths-and-moonlets,55,5501,jpg,2022-03-13
800/pollen_55_5501.jpg,800,moths-and-moonlets,55,5501,jpg,2022-03-13
3000/pollen_55_5502.jpg,3000,moths-and-moonlets,55,5502,jpg,2022-03-13
800/pollen_55_5502.jpg,800,moths-and-moonlets,55,5502,jpg,2022-03-13
3000/pollen_55_5503.jpg,3000,moths-and-moonlets,55,5503,jpg,2022-03-13
800/pollen_55_5503.jpg,800,moths-and-moonlets,55,5503,jpg,2022-03-13
3000/pollen_55_5504.jpg,3000,moths-and-moonlets,55,5504,jpg,2022-03-13
800/pollen_55_5504.jpg,800,moths-and-moonlets,55,5504,jpg,2022-03-13
3000/pollen_55_5505.jpg,3000,moths-and-moonlets,55,5505,jpg,2022-03-13
800/pollen_55_5505.jpg,800,moths-and-moonlets,55,5505,jpg,2022-03-13
3000/pollen_55_5506.jpg,3000,moths-and-moonlets,55,5506,jpg,2022-03-13
800/pollen_55_5506.jpg,800,moths-and-moonlets,55,5506,jpg,2022-03-13
3000/pollen_55_5507.jpg,3000,moths-and-moonlets,55,5507,jpg,2022-03-13
800/pollen_55_5507.jpg,800,moths-and-moonlets,55,5507,jpg,2022-03-13
3000/pollen_55_5508.jpg,3000,moths-and-moonlets,55,5508,jpg,2022-03-13
800/pollen_55_5508.jpg,800,moths-and-moonlets,55,5508,jpg,2022-03-13
3000/pollen_55_5509.jpg,3000,moths-and-moonlets,55,5509,jpg,2022-03-13
800/pollen_55_5509.jpg,800,moths-and-moonlets,55,5509,jpg,2022-03-13
3000/pollen_55_5510.jpg,3000,moths-and-moonlets,55,5510,jpg,2022-03-13
800/pollen_55_5510.jpg,800,moths-and-moonlets,55,5510,jpg,2022-03-13
3000/pollen_55_5511.jpg,3000,moths-and-moonlets,55,5511,jpg,2022-03-13
800/pollen_55_5511.jpg,800,moths-and-moonlets,55,5511,jpg,2022-03-13
3000/pollen_55_5512.jpg,3000,moths-and-moonlets,55,5512,jpg,2022-03-13
800/pollen_55_5512.jpg,800,moths-and-moonlets,55,5512,jpg,2022-03-13
3000/pollen_55_5513.jpg,3000,moths-and-moonlets,55,5513,jpg,2022-03-13
800/pollen_55_5513.jpg,800,moths-and-moonlets,55,5513,jpg,2022-03-13
3000/pollen_55_5514.jpg,3000,moths-and-moonlets,55,5514,jpg,2022-03-13
800/pollen_55_5514.jpg,800,moths-and-moonlets,55,5514,jpg,2022-03-13
3000/pollen_55_5515.jpg,3000,moths-and-moonlets,55,5515,jpg,2022-03-13
800/pollen_55_5515.jpg,800,moths-and-moonlets,55,5515,jpg,2022-03-13
3000/pollen_55_5516.jpg,3000,moths-and-moonlets,55,5516,jpg,2022-03-13
800/pollen_55_5516.jpg,800,moths-and-moonlets,55,5516,jpg,2022-03-13
3000/pollen_55_5517.jpg,3000,moths-and-moonlets,55,5517,jpg,2022-03-13
800/pollen_55_5517.jpg,800,moths-and-moonlets,55,5517,jpg,2022-03-13
3000/pollen_55_5518.jpg,3000,moths-and-moonlets,55,5518,jpg,2022-03-13
800/pollen_55_5518.jpg,800,moths-and-moonlets,55,5518,jpg,2022-03-13
3000/pollen_55_5519.jpg,3000,moths-and-moonlets,55,5519,jpg,2022-03-13
800/pollen_55_5519.jpg,800,moths-and-moonlets,55,5519,jpg,2022-03-13
3000/pollen_55_5520.jpg,3000,moths-and-moonlets,55,5520,jpg,2022-03-13
800/pollen_55_5520.jpg,800,moths-and-moonlets,55,5520,jpg,2022-03-13
3000/pollen_55_5521.jpg,3000,moths-and-moonlets,55,5521,jpg,2022-03-13
800/pollen_55_5521.jpg,800,moths-and-moonlets,55,5521,jpg,2022-03-13
3000/pollen_55_5522.jpg,3000,moths-and-moonlets,55,5522,jpg,2022-03-13
800/pollen_55_5522.jpg,800,moths-and-moonlets,55,5522,jpg,2022-03-13
3000/pollen_55_5523.jpg,3000,moths-and-moonlets,55,5523,jpg,2022-03-13
800/pollen_55_5523.jpg,800,moths-and-moonlets,55,5523,jpg,2022-03-13
3000/pollen_55_5524.jpg,3000,moths-and-moonlets,55,5524,jpg,2022-03-13
800/pollen_55_5524.jpg,800,moths-and-moonlets,55,5524,jpg,2022-03-13
3000/pollen_55_5525.jpg,3000,moths-and-moonlets,55,5525,jpg,2022-03-13
800/pollen_55_5525.jpg,800,moths-and-moonlets,55,5525,jpg,2022-03-13
3000/pollen_55_5526.jpg,3000,moths-and-moonlets,55,5526,jpg,2022-03-13
800/pollen_55_5526.jpg,800,moths-and-moonlets,55,5526,jpg,2022-03-13
3000/pollen_55_5527.jpg,3000,moths-and-moonlets,55,5527,jpg,2022-03-13
800/pollen_55_5527.jpg,800,moths-and-moonlets,55,5527,jpg,2022-03-13
3000/pollen_55_5528.jpg,3000,moths-and-moonlets,55,5528,jpg,2022-03-13
800/pollen_55_5528.jpg,800,moths-and-moonlets,55,5528,jpg,2022-03-13
3000/pollen_55_5529.jpg,3000,moths-and-moonlets,55,5529,jpg,2022-03-13
800/pollen_55_5529.jpg,800,moths-and-moonlets,55,5529,jpg,2022-03-13
3000/pollen_55_5530.jpg,3000,moths-and-moonlets,55,5530,jpg,2022-03-13
800/pollen_55_5530.jpg,800,moths-and-moonlets,55,5530,jpg,2022-03-13
3000/pollen_55_5531.jpg,3000,moths-and-moonlets,55,5531,jpg,2022-03-13
800/pollen_55_5531.jpg,800,moths-and-moonlets,55,5531,jpg,2022-03-13
3000/pollen_55_5532.jpg,3000,moths-and-moonlets,55,5532,jpg,2022-03-13
800/pollen_55_5532.jpg,800,moths-and-moonlets,55,5532,jpg,2022-03-13
3000/pollen_55_5533.jpg,3000,moths-and-moonlets,55,5533,jpg,2022-03-13
800/pollen_55_5533.jpg,800,moths-and-moonlets,55,5533,jpg,2022-03-13
3000/pollen_55_5534.jpg,3000,moths-and-moonlets,55,5534,jpg,2022-03-13
800/pollen_55_5534.jpg,800,moths-and-moonlets,55,5534,jpg,2022-03-13
3000/pollen_55_5535.jpg,3000,moths-and-moonlets,55,5535,jpg,2022-03-13
800/pollen_55_5535.jpg,800,moths-and-moonlets,55,5535,jpg,2022-03-13
3000/pollen_55_5536.jpg,3000,moths-and-moonlets,55,5536,jpg,2022-03-13
800/pollen_55_5536.jpg,800,moths-and-moonlets,55,5536,jpg,2022-03-13
3000/pollen_55_5537.jpg,3000,moths-and-moonlets,55,5537,jpg,2022-03-13
800/pollen_55_5537.jpg,800,moths-and-moonlets,55,5537,jpg,2022-03-13
3000/pollen_55_5538.jpg,3000,moths-and-moonlets,55,5538,jpg,2022-03-13
800/pollen_55_5538.jpg,800,moths-and-moonlets,55,5538,jpg,2022-03-13
3000/pollen_55_5539.jpg,3000,moths-and-moonlets,55,5539,jpg,2022-03-13
800/pollen_55_5539.jpg,800,moths-and-moonlets,55,5539,jpg,2022-03-13
3000/pollen_55_5540.jpg,3000,moths-and-moonlets,55,5540,jpg,2022-03-13
800/pollen_55_5540.jpg,800,moths-and-moonlets,55,5540,jpg,2022-03-13
3000/pollen_55_5541.jpg,3000,moths-and-moonlets,55,5541,jpg,2022-03-13
800/pollen_55_5541.jpg,800,moths-and-moonlets,55,5541,jpg,2022-03-13
3000/pollen_55_5542.jpg,3000,moths-and-moonlets,55,5542,jpg,2022-03-13
800/pollen_55_5542.jpg,800,moths-and-moonlets,55,5542,jpg,2022-03-13
3000/pollen_55_5543.jpg,3000,moths-and-moonlets,55,5543,jpg,2022-03-13
800/pollen_55_5543.jpg,800,moths-and-moonlets,55,5543,jpg,2022-03-13
3000/pollen_55_5544.jpg,3000,moths-and-moonlets,55,5544,jpg,2022-03-13
800/pollen_55_5544.jpg,800,moths-and-moonlets,55,5544,jpg,2022-03-13
3000/pollen_55_5545.jpg,3000,moths-and-moonlets,55,5545,jpg,2022-03-13
800/pollen_55_5545.jpg,800,moths-and-moonlets,55,5545,jpg,2022-03-13
3000/pollen_55_5546.jpg,3000,moths-and-moonlets,55,5546,jpg,2022-03-13
800/pollen_55_5546.jpg,800,moths-and-moonlets,55,5546,jpg,2022-03-13
3000/pollen_55_5547.jpg,3000,moths-and-moonlets,55,5547,jpg,2022-03-13
800/pollen_55_5547.jpg,800,moths-and-moonlets,55,5547,jpg,2022-03-13
3000/pollen_55_5548.jpg,3000,moths-and-moonlets,55,5548,jpg,2022-03-13
800/pollen_55_5548.jpg,800,moths-and-moonlets,55,5548,jpg,2022-03-13
3000/pollen_55_5549.jpg,3000,moths-and-moonlets,55,5549,jpg,2022-03-13
800/pollen_55_5549.jpg,800,moths-and-moonlets,55,5549,jpg,2022-03-13
3000/pollen_55_5550.jpg,3000,moths-and-moonlets,55,5550,jpg,2022-03-13
800/pollen_55_5550.jpg,800,moths-and-moonlets,55,5550,jpg,2022-03-13
3000/pollen_55_5551.jpg,3000,moths-and-moonlets,55,5551,jpg,2022-03-13
800/pollen_55_5551.jpg,800,moths-and-moonlets,55,5551,jpg,2022-03-13
3000/pollen_55_5552.jpg,3000,moths-and-moonlets,55,5552,jpg,2022-03-13
800/pollen_55_5552.jpg,800,moths-and-moonlets,55,5552,jpg,2022-03-13
3000/pollen_55_5553.jpg,3000,moths-and-moonlets,55,5553,jpg,2022-03-13
800/pollen_55_5553.jpg,800,moths-and-moonlets,55,5553,jpg,2022-03-13
3000/pollen_55_5554.jpg,3000,moths-and-moonlets,55,5554,jpg,2022-03-13
800/pollen_55_5554.jpg,800,moths-and-moonlets,55,5554,jpg,2022-03-13
3000/pollen_55_5555.jpg,3000,moths-and-moonlets,55,5555,jpg,2022-03-13
800/pollen_55_5555.jpg,800,moths-and-moonlets,55,5555,jpg,2022-03-13
3000/pollen_55_5556.jpg,3000,moths-and-moonlets,55,5556,jpg,2022-03-13
800/pollen_55_5556.jpg,800,moths-and-moonlets,55,5556,jpg,2022-03-13
3000/pollen_55_5557.jpg,3000,moths-and-moonlets,55,5557,jpg,2022-03-13
800/pollen_55_5557.jpg,800,moths-and-moonlets,55,5557,jpg,2022-03-13
3000/pollen_55_5558.jpg,3000,moths-and-moonlets,55,5558,jpg,2022-03-13
800/pollen_55_5558.jpg,800,moths-and-moonlets,55,5558,jpg,2022-03-13
3000/pollen_55_5559.jpg,3000,moths-and-moonlets,55,5559,jpg,2022-03-13
800/pollen_55_5559.jpg,800,moths-and-moonlets,55,5559,jpg,2022-03-13
3000/pollen_55_5560.jpg,3000,moths-and-moonlets,55,5560,jpg,2022-03-13
800/pollen_55_5560.jpg,800,moths-and-moonlets,55,5560,jpg,2022-03-13
3000/pollen_55_5561.jpg,3000,moths-and-moonlets,55,5561,jpg,2022-03-13
800/pollen_55_5561.jpg,800,moths-and-moonlets,55,5561,jpg,2022-03-13
3000/pollen_55_5562.jpg,3000,moths-and-moonlets,55,5562,jpg,2022-03-13
800/pollen_55_5562.jpg,800,moths-and-moonlets,55,5562,jpg,2022-03-13
3000/pollen_55_5563.jpg,3000,moths-and-moonlets,55,5563,jpg,2022-03-13
800/pollen_55_5563.jpg,800,moths-and-moonlets,55,5563,jpg,2022-03-13
3000/pollen_55_5564.jpg,3000,moths-and-moonlets,55,5564,jpg,2022-03-13
800/pollen_55_5564.jpg,800,moths-and-moonlets,55,5564,jpg,2022-03-13
3000/pollen_55_5565.jpg,3000,moths-and-moonlets,55,5565,jpg,2022-03-13
800/pollen_55_5565.jpg,800,moths-and-moonlets,55,5565,jpg,2022-03-13
3000/pollen_55_5566.jpg,3000,moths-and-moonlets,55,5566,jpg,2022-03-13
800/pollen_55_5566.jpg,800,moths-and-moonlets,55,5566,jpg,2022-03-13
3000/pollen_55_5567.jpg,3000,moths-and-moonlets,55,5567,jpg,2022-03-13
800/pollen_55_5567.jpg,800,moths-and-moonlets,55,5567,jpg,2022-03-13
3000/pollen_55_5568.jpg,3000,moths-and-moonlets,55,5568,jpg,2022-03-13
800/pollen_55_5568.jpg,800,moths-and-moonlets,55,5568,jpg,2022-03-13
3000/pollen_55_5569.jpg,3000,moths-and-moonlets,55,5569,jpg,2022-03-13
800/pollen_55_5569.jpg,800,moths-and-moonlets,55,5569,jpg,2022-03-13
3000/pollen_55_5570.jpg,3000,moths-and-moonlets,55,5570,jpg,2022-03-13
800/pollen_55_5570.jpg,800,moths-and-moonlets,55,5570,jpg,2022-03-13
3000/pollen_55_5571.jpg,3000,moths-and-moonlets,55,5571,jpg,2022-03-13
800/pollen_55_5571.jpg,800,moths-and-moonlets,55,5571,jpg,2022-03-13
3000/pollen_55_5572.jpg,3000,moths-and-moonlets,55,5572,jpg,2022-03-13
800/pollen_55_5572.jpg,800,moths-and-moonlets,55,5572,jpg,2022-03-13
3000/pollen_55_5573.jpg,3000,moths-and-moonlets,55,5573,jpg,2022-03-13
800/pollen_55_5573.jpg,800,moths-and-moonlets,55,5573,jpg,2022-03-13
3000/pollen_55_5574.jpg,3000,moths-and-moonlets,55,5574,jpg,2022-03-13
800/pollen_55_5574.jpg,800,moths-and-moonlets,55,5574,jpg,2022-03-13
3000/pollen_55_5575.jpg,3000,moths-and-moonlets,55,5575,jpg,2022-03-13
800/pollen_55_5575.jpg,800,moths-and-moonlets,55,5575,jpg,2022-03-13
3000/pollen_55_5576.jpg,3000,moths-and-moonlets,55,5576,jpg,2022-03-13
800/pollen_55_5576.jpg,800,moths-and-moonlets,55,5576,jpg,2022-03-13
3000/pollen_55_5577.jpg,3000,moths-and-moonlets,55,5577,jpg,2022-03-13
800/pollen_55_5577.jpg,800,moths-and-moonlets,55,5577,jpg,2022-03-13
3000/pollen_55_5578.jpg,3000,moths-and-moonlets,55,5578,jpg,2022-03-13
800/pollen_55_5578.jpg,800,moths-and-moonlets,55,5578,jpg,2022-03-13
3000/pollen_55_5579.jpg,3000,moths-and-moonlets,55,5579,jpg,2022-03-13
800/pollen_55_5579.jpg,800,moths-and-moonlets,55,5579,jpg,2022-03-13
3000/pollen_55_5580.jpg,3000,moths-and-moonlets,55,5580,jpg,2022-03-13
800/pollen_55_5580.jpg,800,moths-and-moonlets,55,5580,jpg,2022-03-13
3000/pollen_55_5581.jpg,3000,moths-and-moonlets,55,5581,jpg,2022-03-13
800/pollen_55_5581.jpg,800,moths-and-moonlets,55,5581,jpg,2022-03-13
3000/pollen_55_5582.jpg,3000,moths-and-moonlets,55,5582,jpg,2022-03-13
800/pollen_55_5582.jpg,800,moths-and-moonlets,55,5582,jpg,2022-03-13
3000/pollen_55_5583.jpg,3000,moths-and-moonlets,55,5583,jpg,2022-03-13
800/pollen_55_5583.jpg,800,moths-and-moonlets,55,5583,jpg,2022-03-13
3000/pollen_55_5584.jpg,3000,moths-and-moonlets,55,5584,jpg,2022-03-13
800/pollen_55_5584.jpg,800,moths-and-moonlets,55,5584,jpg,2022-03-13
3000/pollen_55_5585.jpg,3000,moths-and-moonlets,55,5585,jpg,2022-03-13
800/pollen_55_5585.jpg,800,moths-and-moonlets,55,5585,jpg,2022-03-13
3000/pollen_55_5586.jpg,3000,moths-and-moonlets,55,5586,jpg,2022-03-13
800/pollen_55_5586.jpg,800,moths-and-moonlets,55,5586,jpg,2022-03-13
3000/pollen_55_5587.jpg,3000,moths-and-moonlets,55,5587,jpg,2022-03-13
800/pollen_55_5587.jpg,800,moths-and-moonlets,55,5587,jpg,2022-03-13
3000/pollen_55_5588.jpg,3000,moths-and-moonlets,55,5588,jpg,2022-03-13
800/pollen_55_5588.jpg,800,moths-and-moonlets,55,5588,jpg,2022-03-13
3000/pollen_55_5589.jpg,3000,moths-and-moonlets,55,5589,jpg,2022-03-13
800/pollen_55_5589.jpg,800,moths-and-moonlets,55,5589,jpg,2022-03-13
3000/pollen_55_5590.jpg,3000,moths-and-moonlets,55,5590,jpg,2022-03-13
800/pollen_55_5590.jpg,800,moths-and-moonlets,55,5590,jpg,2022-03-13
3000/pollen_55_5591.jpg,3000,moths-and-moonlets,55,5591,jpg,2022-03-13
800/pollen_55_5591.jpg,800,moths-and-moonlets,55,5591,jpg,2022-03-13
3000/pollen_55_5592.jpg,3000,moths-and-moonlets,55,5592,jpg,2022-03-13
800/pollen_55_5592.jpg,800,moths-and-moonlets,55,5592,jpg,2022-03-13
3000/pollen_55_5593.jpg,3000,moths-and-moonlets,55,5593,jpg,2022-03-13
800/pollen_55_5593.jpg,800,moths-and-moonlets,55,5593,jpg,2022-03-13
3000/pollen_55_5594.jpg,3000,moths-and-moonlets,55,5594,jpg,2022-03-13
800/pollen_55_5594.jpg,800,moths-and-moonlets,55,5594,jpg,2022-03-13
3000/pollen_55_5595.jpg,3000,moths-and-moonlets,55,5595,jpg,2022-03-13
800/pollen_55_5595.jpg,800,moths-and-moonlets,55,5595,jpg,2022-03-13
3000/pollen_55_5596.jpg,3000,moths-and-moonlets,55,5596,jpg,2022-03-13
800/pollen_55_5596.jpg,800,moths-and-moonlets,55,5596,jpg,2022-03-13
3000/pollen_55_5597.jpg,3000,moths-and-moonlets,55,5597,jpg,2022-03-13
800/pollen_55_5597.jpg,800,moths-and-moonlets,55,5597,jpg,2022-03-13
3000/pollen_55_5598.jpg,3000,moths-and-moonlets,55,5598,jpg,2022-03-13
800/pollen_55_5598.jpg,800,moths-and-moonlets,55,5598,jpg,2022-03-13
3000/pollen_55_5599.jpg,3000,moths-and-moonlets,55,5599,jpg,2022-03-13
800/pollen_55_5599.jpg,800,moths-and-moonlets,55,5599,jpg,2022-03-13
3000/pollen_55_5600.jpg,3000,moths-and-moonlets,55,5600,jpg,2022-03-13
800/pollen_55_5600.jpg,800,moths-and-moonlets,55,5600,jpg,2022-03-13
3000/pollen_55_5601.jpg,3000,moths-and-moonlets,55,5601,jpg,2022-03-13
800/pollen_55_5601.jpg,800,moths-and-moonlets,55,5601,jpg,2022-03-13
3000/pollen_55_5602.jpg,3000,moths-and-moonlets,55,5602,jpg,2022-03-13
800/pollen_55_5602.jpg,800,moths-and-moonlets,55,5602,jpg,2022-03-13
3000/pollen_55_5603.jpg,3000,moths-and-moonlets,55,5603,jpg,2022-03-13
800/pollen_55_5603.jpg,800,moths-and-moonlets,55,5603,jpg,2022-03-13
3000/pollen_55_5604.jpg,3000,moths-and-moonlets,55,5604,jpg,2022-03-13
800/pollen_55_5604.jpg,800,moths-and-moonlets,55,5604,jpg,2022-03-13
3000/pollen_55_5605.jpg,3000,moths-and-moonlets,55,5605,jpg,2022-03-13
800/pollen_55_5605.jpg,800,moths-and-moonlets,55,5605,jpg,2022-03-13
3000/pollen_55_5606.jpg,3000,moths-and-moonlets,55,5606,jpg,2022-03-13
800/pollen_55_5606.jpg,800,moths-and-moonlets,55,5606,jpg,2022-03-13
3000/pollen_55_5607.jpg,3000,moths-and-moonlets,55,5607,jpg,2022-03-13
800/pollen_55_5607.jpg,800,moths-and-moonlets,55,5607,jpg,2022-03-13
3000/pollen_55_5608.jpg,3000,moths-and-moonlets,55,5608,jpg,2022-03-13
800/pollen_55_5608.jpg,800,moths-and-moonlets,55,5608,jpg,2022-03-13
3000/pollen_55_5609.jpg,3000,moths-and-moonlets,55,5609,jpg,2022-03-13
800/pollen_55_5609.jpg,800,moths-and-moonlets,55,5609,jpg,2022-03-13
3000/pollen_55_5610.jpg,3000,moths-and-moonlets,55,5610,jpg,2022-03-13
800/pollen_55_5610.jpg,800,moths-and-moonlets,55,5610,jpg,2022-03-13
3000/pollen_55_5611.jpg,3000,moths-and-moonlets,55,5611,jpg,2022-03-13
800/pollen_55_5611.jpg,800,moths-and-moonlets,55,5611,jpg,2022-03-13
3000/pollen_55_5612.jpg,3000,moths-and-moonlets,55,5612,jpg,2022-03-13
800/pollen_55_5612.jpg,800,moths-and-moonlets,55,5612,jpg,2022-03-13
3000/pollen_55_5613.jpg,3000,moths-and-moonlets,55,5613,jpg,2022-03-13
800/pollen_55_5613.jpg,800,moths-and-moonlets,55,5613,jpg,2022-03-13
3000/pollen_55_5614.jpg,3000,moths-and-moonlets,55,5614,jpg,2022-03-13
800/pollen_55_5614.jpg,800,moths-and-moonlets,55,5614,jpg,2022-03-13
3000/pollen_55_5615.jpg,3000,moths-and-moonlets,55,5615,jpg,2022-03-13
800/pollen_55_5615.jpg,800,moths-and-moonlets,55,5615,jpg,2022-03-13
3000/pollen_55_5616.jpg,3000,moths-and-moonlets,55,5616,jpg,2022-03-13
800/pollen_55_5616.jpg,800,moths-and-moonlets,55,5616,jpg,2022-03-13
3000/pollen_55_5617.jpg,3000,moths-and-moonlets,55,5617,jpg,2022-03-13
800/pollen_55_5617.jpg,800,moths-and-moonlets,55,5617,jpg,2022-03-13
3000/pollen_55_5618.jpg,3000,moths-and-moonlets,55,5618,jpg,2022-03-13
800/pollen_55_5618.jpg,800,moths-and-moonlets,55,5618,jpg,2022-03-13
3000/pollen_55_5619.jpg,3000,moths-and-moonlets,55,5619,jpg,2022-03-13
800/pollen_55_5619.jpg,800,moths-and-moonlets,55,5619,jpg,2022-03-13
3000/pollen_55_5620.jpg,3000,moths-and-moonlets,55,5620,jpg,2022-03-13
800/pollen_55_5620.jpg,800,moths-and-moonlets,55,5620,jpg,2022-03-13
3000/pollen_55_5621.jpg,3000,moths-and-moonlets,55,5621,jpg,2022-03-13
800/pollen_55_5621.jpg,800,moths-and-moonlets,55,5621,jpg,2022-03-13
3000/pollen_55_5622.jpg,3000,moths-and-moonlets,55,5622,jpg,2022-03-13
800/pollen_55_5622.jpg,800,moths-and-moonlets,55,5622,jpg,2022-03-13
3000/pollen_55_5623.jpg,3000,moths-and-moonlets,55,5623,jpg,2022-03-13
800/pollen_55_5623.jpg,800,moths-and-moonlets,55,5623,jpg,2022-03-13
3000/pollen_55_5624.jpg,3000,moths-and-moonlets,55,5624,jpg,2022-03-13
800/pollen_55_5624.jpg,800,moths-and-moonlets,55,5624,jpg,2022-03-13
3000/pollen_55_5625.jpg,3000,moths-and-moonlets,55,5625,jpg,2022-03-13
800/pollen_55_5625.jpg,800,moths-and-moonlets,55,5625,jpg,2022-03-13
3000/pollen_55_5626.jpg,3000,moths-and-moonlets,55,5626,jpg,2022-03-13
800/pollen_55_5626.jpg,800,moths-and-moonlets,55,5626,jpg,2022-03-13
3000/pollen_55_5627.jpg,3000,moths-and-moonlets,55,5627,jpg,2022-03-13
800/pollen_55_5627.jpg,800,moths-and-moonlets,55,5627,jpg,2022-03-13
3000/pollen_55_5628.jpg,3000,moths-and-moonlets,55,5628,jpg,2022-03-13
800/pollen_55_5628.jpg,800,moths-and-moonlets,55,5628,jpg,2022-03-13
3000/pollen_55_5629.jpg,3000,moths-and-moonlets,55,5629,jpg,2022-03-13
800/pollen_55_5629.jpg,800,moths-and-moonlets,55,5629,jpg,2022-03-13
3000/pollen_55_5630.jpg,3000,moths-and-moonlets,55,5630,jpg,2022-03-13
800/pollen_55_5630.jpg,800,moths-and-moonlets,55,5630,jpg,2022-03-13
3000/pollen_55_5631.jpg,3000,moths-and-moonlets,55,5631,jpg,2022-03-13
800/pollen_55_5631.jpg,800,moths-and-moonlets,55,5631,jpg,2022-03-13
3000/pollen_55_5632.jpg,3000,moths-and-moonlets,55,5632,jpg,2022-03-13
800/pollen_55_5632.jpg,800,moths-and-moonlets,55,5632,jpg,2022-03-13
3000/pollen_55_5633.jpg,3000,moths-and-moonlets,55,5633,jpg,2022-03-13
800/pollen_55_5633.jpg,800,moths-and-moonlets,55,5633,jpg,2022-03-13
3000/pollen_55_5634.jpg,3000,moths-and-moonlets,55,5634,jpg,2022-03-13
800/pollen_55_5634.jpg,800,moths-and-moonlets,55,5634,jpg,2022-03-13
3000/pollen_55_5635.jpg,3000,moths-and-moonlets,55,5635,jpg,2022-03-13
800/pollen_55_5635.jpg,800,moths-and-moonlets,55,5635,jpg,2022-03-13
3000/pollen_55_5636.jpg,3000,moths-and-moonlets,55,5636,jpg,2022-03-13
800/pollen_55_5636.jpg,800,moths-and-moonlets,55,5636,jpg,2022-03-13
3000/pollen_55_5637.jpg,3000,moths-and-moonlets,55,5637,jpg,2022-03-13
800/pollen_55_5637.jpg,800,moths-and-moonlets,55,5637,jpg,2022-03-13
3000/pollen_55_5638.jpg,3000,moths-and-moonlets,55,5638,jpg,2022-03-13
800/pollen_55_5638.jpg,800,moths-and-moonlets,55,5638,jpg,2022-03-13
3000/pollen_55_5639.jpg,3000,moths-and-moonlets,55,5639,jpg,2022-03-13
800/pollen_55_5639.jpg,800,moths-and-moonlets,55,5639,jpg,2022-03-13
3000/pollen_55_5640.jpg,3000,moths-and-moonlets,55,5640,jpg,2022-03-13
800/pollen_55_5640.jpg,800,moths-and-moonlets,55,5640,jpg,2022-03-13
3000/pollen_55_5641.jpg,3000,moths-and-moonlets,55,5641,jpg,2022-03-13
800/pollen_55_5641.jpg,800,moths-and-moonlets,55,5641,jpg,2022-03-13
3000/pollen_55_5642.jpg,3000,moths-and-moonlets,55,5642,jpg,2022-03-13
800/pollen_55_5642.jpg,800,moths-and-moonlets,55,5642,jpg,2022-03-13
3000/pollen_55_5643.jpg,3000,moths-and-moonlets,55,5643,jpg,2022-03-13
800/pollen_55_5643.jpg,800,moths-and-moonlets,55,5643,jpg,2022-03-13
3000/pollen_55_5644.jpg,3000,moths-and-moonlets,55,5644,jpg,2022-03-13
800/pollen_55_5644.jpg,800,moths-and-moonlets,55,5644,jpg,2022-03-13
3000/pollen_55_5645.jpg,3000,moths-and-moonlets,55,5645,jpg,2022-03-13
800/pollen_55_5645.jpg,800,moths-and-moonlets,55,5645,jpg,2022-03-13
3000/pollen_55_5646.jpg,3000,moths-and-moonlets,55,5646,jpg,2022-03-13
800/pollen_55_5646.jpg,800,moths-and-moonlets,55,5646,jpg,2022-03-13
3000/pollen_55_5647.jpg,3000,moths-and-moonlets,55,5647,jpg,2022-03-13
800/pollen_55_5647.jpg,800,moths-and-moonlets,55,5647,jpg,2022-03-13
3000/pollen_55_5648.jpg,3000,moths-and-moonlets,55,5648,jpg,2022-03-13
800/pollen_55_5648.jpg,800,moths-and-moonlets,55,5648,jpg,2022-03-13
3000/pollen_55_5649.jpg,3000,moths-and-moonlets,55,5649,jpg,2022-03-13
800/pollen_55_5649.jpg,800,moths-and-moonlets,55,5649,jpg,2022-03-13
3000/pollen_55_5650.jpg,3000,moths-and-moonlets,55,5650,jpg,2022-03-13
800/pollen_55_5650.jpg,800,moths-and-moonlets,55,5650,jpg,2022-03-13
3000/pollen_55_5651.jpg,3000,moths-and-moonlets,55,5651,jpg,2022-03-13
800/pollen_55_5651.jpg,800,moths-and-moonlets,55,5651,jpg,2022-03-13
3000/pollen_55_5652.jpg,3000,moths-and-moonlets,55,5652,jpg,2022-03-13
800/pollen_55_5652.jpg,800,moths-and-moonlets,55,5652,jpg,2022-03-13
3000/pollen_55_5653.jpg,3000,moths-and-moonlets,55,5653,jpg,2022-03-13
800/pollen_55_5653.jpg,800,moths-and-moonlets,55,5653,jpg,2022-03-13
3000/pollen_55_5654.jpg,3000,moths-and-moonlets,55,5654,jpg,2022-03-13
800/pollen_55_5654.jpg,800,moths-and-moonlets,55,5654,jpg,2022-03-13
3000/pollen_55_5655.jpg,3000,moths-and-moonlets,55,5655,jpg,2022-03-13
800/pollen_55_5655.jpg,800,moths-and-moonlets,55,5655,jpg,2022-03-13
3000/pollen_55_5656.jpg,3000,moths-and-moonlets,55,5656,jpg,2022-03-13
800/pollen_55_5656.jpg,800,moths-and-moonlets,55,5656,jpg,2022-03-13
3000/pollen_55_5657.jpg,3000,moths-and-moonlets,55,5657,jpg,2022-03-13
800/pollen_55_5657.jpg,800,moths-and-moonlets,55,5657,jpg,2022-03-13
3000/pollen_55_5658.jpg,3000,moths-and-moonlets,55,5658,jpg,2022-03-13
800/pollen_55_5658.jpg,800,moths-and-moonlets,55,5658,jpg,2022-03-13
3000/pollen_55_5659.jpg,3000,moths-and-moonlets,55,5659,jpg,2022-03-13
800/pollen_55_5659.jpg,800,moths-and-moonlets,55,5659,jpg,2022-03-13
3000/pollen_55_5660.jpg,3000,moths-and-moonlets,55,5660,jpg,2022-03-13
800/pollen_55_5660.jpg,800,moths-and-moonlets,55,5660,jpg,2022-03-13
3000/pollen_55_5661.jpg,3000,moths-and-moonlets,55,5661,jpg,2022-03-13
800/pollen_55_5661.jpg,800,moths-and-moonlets,55,5661,jpg,2022-03-13
3000/pollen_55_5662.jpg,3000,moths-and-moonlets,55,5662,jpg,2022-03-13
800/pollen_55_5662.jpg,800,moths-and-moonlets,55,5662,jpg,2022-03-13
3000/pollen_55_5663.jpg,3000,moths-and-moonlets,55,5663,jpg,2022-03-13
800/pollen_55_5663.jpg,800,moths-and-moonlets,55,5663,jpg,2022-03-13
3000/pollen_55_5664.jpg,3000,moths-and-moonlets,55,5664,jpg,2022-03-13
800/pollen_55_5664.jpg,800,moths-and-moonlets,55,5664,jpg,2022-03-13
3000/pollen_55_5665.jpg,3000,moths-and-moonlets,55,5665,jpg,2022-03-13
800/pollen_55_5665.jpg,800,moths-and-moonlets,55,5665,jpg,2022-03-13
3000/pollen_55_5666.jpg,3000,moths-and-moonlets,55,5666,jpg,2022-03-13
800/pollen_55_5666.jpg,800,moths-and-moonlets,55,5666,jpg,2022-03-13
3000/pollen_55_5667.jpg,3000,moths-and-moonlets,55,5667,jpg,2022-03-13
800/pollen_55_5667.jpg,800,moths-and-moonlets,55,5667,jpg,2022-03-13
3000/pollen_55_5668.jpg,3000,moths-and-moonlets,55,5668,jpg,2022-03-13
800/pollen_55_5668.jpg,800,moths-and-moonlets,55,5668,jpg,2022-03-13
3000/pollen_55_5669.jpg,3000,moths-and-moonlets,55,5669,jpg,2022-03-13
800/pollen_55_5669.jpg,800,moths-and-moonlets,55,5669,jpg,2022-03-13
3000/pollen_55_5670.jpg,3000,moths-and-moonlets,55,5670,jpg,2022-03-13
800/pollen_55_5670.jpg,800,moths-and-moonlets,55,5670,jpg,2022-03-13
3000/pollen_55_5671.jpg,3000,moths-and-moonlets,55,5671,jpg,2022-03-13
800/pollen_55_5671.jpg,800,moths-and-moonlets,55,5671,jpg,2022-03-13
3000/pollen_55_5672.jpg,3000,moths-and-moonlets,55,5672,jpg,2022-03-13
800/pollen_55_5672.jpg,800,moths-and-moonlets,55,5672,jpg,2022-03-13
3000/pollen_55_5673.jpg,3000,moths-and-moonlets,55,5673,jpg,2022-03-13
800/pollen_55_5673.jpg,800,moths-and-moonlets,55,5673,jpg,2022-03-13
3000/pollen_55_5674.jpg,3000,moths-and-moonlets,55,5674,jpg,2022-03-13
800/pollen_55_5674.jpg,800,moths-and-moonlets,55,5674,jpg,2022-03-13
3000/pollen_55_5675.jpg,3000,moths-and-moonlets,55,5675,jpg,2022-03-13
800/pollen_55_5675.jpg,800,moths-and-moonlets,55,5675,jpg,2022-03-13
3000/pollen_55_5676.jpg,3000,moths-and-moonlets,55,5676,jpg,2022-03-13
800/pollen_55_5676.jpg,800,moths-and-moonlets,55,5676,jpg,2022-03-13
3000/pollen_55_5677.jpg,3000,moths-and-moonlets,55,5677,jpg,2022-03-13
800/pollen_55_5677.jpg,800,moths-and-moonlets,55,5677,jpg,2022-03-13
3000/pollen_55_5678.jpg,3000,moths-and-moonlets,55,5678,jpg,2022-03-13
800/pollen_55_5678.jpg,800,moths-and-moonlets,55,5678,jpg,2022-03-13
3000/pollen_55_5679.jpg,3000,moths-and-moonlets,55,5679,jpg,2022-03-13
800/pollen_55_5679.jpg,800,moths-and-moonlets,55,5679,jpg,2022-03-13
3000/pollen_55_5680.jpg,3000,moths-and-moonlets,55,5680,jpg,2022-03-13
800/pollen_55_5680.jpg,800,moths-and-moonlets,55,5680,jpg,2022-03-13
3000/pollen_55_5681.jpg,3000,moths-and-moonlets,55,5681,jpg,2022-03-13
800/pollen_55_5681.jpg,800,moths-and-moonlets,55,5681,jpg,2022-03-13
3000/pollen_55_5682.jpg,3000,moths-and-moonlets,55,5682,jpg,2022-03-13
800/pollen_55_5682.jpg,800,moths-and-moonlets,55,5682,jpg,2022-03-13
3000/pollen_55_5683.jpg,3000,moths-and-moonlets,55,5683,jpg,2022-03-13
800/pollen_55_5683.jpg,800,moths-and-moonlets,55,5683,jpg,2022-03-13
3000/pollen_55_5684.jpg,3000,moths-and-moonlets,55,5684,jpg,2022-03-13
800/pollen_55_5684.jpg,800,moths-and-moonlets,55,5684,jpg,2022-03-13
3000/pollen_55_5685.jpg,3000,moths-and-moonlets,55,5685,jpg,2022-03-13
800/pollen_55_5685.jpg,800,moths-and-moonlets,55,5685,jpg,2022-03-13
3000/pollen_55_5686.jpg,3000,moths-and-moonlets,55,5686,jpg,2022-03-13
800/pollen_55_5686.jpg,800,moths-and-moonlets,55,5686,jpg,2022-03-13
3000/pollen_55_5687.jpg,3000,moths-and-moonlets,55,5687,jpg,2022-03-13
800/pollen_55_5687.jpg,800,moths-and-moonlets,55,5687,jpg,2022-03-13
3000/pollen_55_5688.jpg,3000,moths-and-moonlets,55,5688,jpg,2022-03-13
800/pollen_55_5688.jpg,800,moths-and-moonlets,55,5688,jpg,2022-03-13
3000/pollen_55_5689.jpg,3000,moths-and-moonlets,55,5689,jpg,2022-03-13
800/pollen_55_5689.jpg,800,moths-and-moonlets,55,5689,jpg,2022-03-13
3000/pollen_55_5690.jpg,3000,moths-and-moonlets,55,5690,jpg,2022-03-13
800/pollen_55_5690.jpg,800,moths-and-moonlets,55,5690,jpg,2022-03-13
3000/pollen_55_5691.jpg,3000,moths-and-moonlets,55,5691,jpg,2022-03-13
800/pollen_55_5691.jpg,800,moths-and-moonlets,55,5691,jpg,2022-03-13
3000/pollen_55_5692.jpg,3000,moths-and-moonlets,55,5692,jpg,2022-03-13
800/pollen_55_5692.jpg,800,moths-and-moonlets,55,5692,jpg,2022-03-13
3000/pollen_55_5693.jpg,3000,moths-and-moonlets,55,5693,jpg,2022-03-13
800/pollen_55_5693.jpg,800,moths-and-moonlets,55,5693,jpg,2022-03-13
3000/pollen_55_5694.jpg,3000,moths-and-moonlets,55,5694,jpg,2022-03-13
800/pollen_55_5694.jpg,800,moths-and-moonlets,55,5694,jpg,2022-03-13
3000/pollen_55_5695.jpg,3000,moths-and-moonlets,55,5695,jpg,2022-03-13
800/pollen_55_5695.jpg,800,moths-and-moonlets,55,5695,jpg,2022-03-13
3000/pollen_55_5696.jpg,3000,moths-and-moonlets,55,5696,jpg,2022-03-13
800/pollen_55_5696.jpg,800,moths-and-moonlets,55,5696,jpg,2022-03-13
3000/pollen_55_5697.jpg,3000,moths-and-moonlets,55,5697,jpg,2022-03-13
800/pollen_55_5697.jpg,800,moths-and-moonlets,55,5697,jpg,2022-03-13
3000/pollen_55_5698.jpg,3000,moths-and-moonlets,55,5698,jpg,2022-03-13
800/pollen_55_5698.jpg,800,moths-and-moonlets,55,5698,jpg,2022-03-13
3000/pollen_55_5699.jpg,3000,moths-and-moonlets,55,5699,jpg,2022-03-13
800/pollen_55_5699.jpg,800,moths-and-moonlets,55,5699,jpg,2022-03-13
3000/pollen_55_5700.jpg,3000,moths-and-moonlets,55,5700,jpg,2022-03-13
800/pollen_55_5700.jpg,800,moths-and-moonlets,55,5700,jpg,2022-03-13
3000/pollen_55_5701.jpg,3000,moths-and-moonlets,55,5701,jpg,2022-03-13
800/pollen_55_5701.jpg,800,moths-and-moonlets,55,5701,jpg,2022-03-13
3000/pollen_55_5702.jpg,3000,moths-and-moonlets,55,5702,jpg,2022-03-13
800/pollen_55_5702.jpg,800,moths-and-moonlets,55,5702,jpg,2022-03-13
3000/pollen_55_5703.jpg,3000,moths-and-moonlets,55,5703,jpg,2022-03-13
800/pollen_55_5703.jpg,800,moths-and-moonlets,55,5703,jpg,2022-03-13
3000/pollen_55_5704.jpg,3000,moths-and-moonlets,55,5704,jpg,2022-03-13
800/pollen_55_5704.jpg,800,moths-and-moonlets,55,5704,jpg,2022-03-13
3000/pollen_55_5705.jpg,3000,moths-and-moonlets,55,5705,jpg,2022-03-13
800/pollen_55_5705.jpg,800,moths-and-moonlets,55,5705,jpg,2022-03-13
3000/pollen_55_5706.jpg,3000,moths-and-moonlets,55,5706,jpg,2022-03-13
800/pollen_55_5706.jpg,800,moths-and-moonlets,55,5706,jpg,2022-03-13
3000/pollen_55_5707.jpg,3000,moths-and-moonlets,55,5707,jpg,2022-03-13
800/pollen_55_5707.jpg,800,moths-and-moonlets,55,5707,jpg,2022-03-13
3000/pollen_55_5708.jpg,3000,moths-and-moonlets,55,5708,jpg,2022-03-13
800/pollen_55_5708.jpg,800,moths-and-moonlets,55,5708,jpg,2022-03-13
3000/pollen_55_5709.jpg,3000,moths-and-moonlets,55,5709,jpg,2022-03-13
800/pollen_55_5709.jpg,800,moths-and-moonlets,55,5709,jpg,2022-03-13
3000/pollen_55_5710.jpg,3000,moths-and-moonlets,55,5710,jpg,2022-03-13
800/pollen_55_5710.jpg,800,moths-and-moonlets,55,5710,jpg,2022-03-13
3000/pollen_55_5711.jpg,3000,moths-and-moonlets,55,5711,jpg,2022-03-13
800/pollen_55_5711.jpg,800,moths-and-moonlets,55,5711,jpg,2022-03-13
3000/pollen_55_5712.jpg,3000,moths-and-moonlets,55,5712,jpg,2022-03-13
800/pollen_55_5712.jpg,800,moths-and-moonlets,55,5712,jpg,2022-03-13
3000/pollen_55_5713.jpg,3000,moths-and-moonlets,55,5713,jpg,2022-03-13
800/pollen_55_5713.jpg,800,moths-and-moonlets,55,5713,jpg,2022-03-13
3000/pollen_55_5714.jpg,3000,moths-and-moonlets,55,5714,jpg,2022-03-13
800/pollen_55_5714.jpg,800,moths-and-moonlets,55,5714,jpg,2022-03-13
3000/pollen_55_5715.jpg,3000,moths-and-moonlets,55,5715,jpg,2022-03-13
800/pollen_55_5715.jpg,800,moths-and-moonlets,55,5715,jpg,2022-03-13
3000/pollen_55_5716.jpg,3000,moths-and-moonlets,55,5716,jpg,2022-03-13
800/pollen_55_5716.jpg,800,moths-and-moonlets,55,5716,jpg,2022-03-13
3000/pollen_55_5717.jpg,3000,moths-and-moonlets,55,5717,jpg,2022-03-13
800/pollen_55_5717.jpg,800,moths-and-moonlets,55,5717,jpg,2022-03-13
3000/pollen_55_5718.jpg,3000,moths-and-moonlets,55,5718,jpg,2022-03-13
800/pollen_55_5718.jpg,800,moths-and-moonlets,55,5718,jpg,2022-03-13
3000/pollen_55_5719.jpg,3000,moths-and-moonlets,55,5719,jpg,2022-03-13
800/pollen_55_5719.jpg,800,moths-and-moonlets,55,5719,jpg,2022-03-13
3000/pollen_55_5720.jpg,3000,moths-and-moonlets,55,5720,jpg,2022-03-13
800/pollen_55_5720.jpg,800,moths-and-moonlets,55,5720,jpg,2022-03-13
3000/pollen_55_5721.jpg,3000,moths-and-moonlets,55,5721,jpg,2022-03-13
800/pollen_55_5721.jpg,800,moths-and-moonlets,55,5721,jpg,2022-03-13
3000/pollen_55_5722.jpg,3000,moths-and-moonlets,55,5722,jpg,2022-03-13
800/pollen_55_5722.jpg,800,moths-and-moonlets,55,5722,jpg,2022-03-13
3000/pollen_55_5723.jpg,3000,moths-and-moonlets,55,5723,jpg,2022-03-13
800/pollen_55_5723.jpg,800,moths-and-moonlets,55,5723,jpg,2022-03-13
3000/pollen_55_5724.jpg,3000,moths-and-moonlets,55,5724,jpg,2022-03-13
800/pollen_55_5724.jpg,800,moths-and-moonlets,55,5724,jpg,2022-03-13
3000/pollen_55_5725.jpg,3000,moths-and-moonlets,55,5725,jpg,2022-03-13
800/pollen_55_5725.jpg,800,moths-and-moonlets,55,5725,jpg,2022-03-13
3000/pollen_55_5726.jpg,3000,moths-and-moonlets,55,5726,jpg,2022-03-13
800/pollen_55_5726.jpg,800,moths-and-moonlets,55,5726,jpg,2022-03-13
3000/pollen_55_5727.jpg,3000,moths-and-moonlets,55,5727,jpg,2022-03-13
800/pollen_55_5727.jpg,800,moths-and-moonlets,55,5727,jpg,2022-03-13
3000/pollen_55_5728.jpg,3000,moths-and-moonlets,55,5728,jpg,2022-03-13
800/pollen_55_5728.jpg,800,moths-and-moonlets,55,5728,jpg,2022-03-13
3000/pollen_55_5729.jpg,3000,moths-and-moonlets,55,5729,jpg,2022-03-13
800/pollen_55_5729.jpg,800,moths-and-moonlets,55,5729,jpg,2022-03-13
3000/pollen_55_5730.jpg,3000,moths-and-moonlets,55,5730,jpg,2022-03-13
800/pollen_55_5730.jpg,800,moths-and-moonlets,55,5730,jpg,2022-03-13
3000/pollen_55_5731.jpg,3000,moths-and-moonlets,55,5731,jpg,2022-03-13
800/pollen_55_5731.jpg,800,moths-and-moonlets,55,5731,jpg,2022-03-13
3000/pollen_55_5732.jpg,3000,moths-and-moonlets,55,5732,jpg,2022-03-13
800/pollen_55_5732.jpg,800,moths-and-moonlets,55,5732,jpg,2022-03-13
3000/pollen_55_5733.jpg,3000,moths-and-moonlets,55,5733,jpg,2022-03-13
800/pollen_55_5733.jpg,800,moths-and-moonlets,55,5733,jpg,2022-03-13
3000/pollen_55_5734.jpg,3000,moths-and-moonlets,55,5734,jpg,2022-03-13
800/pollen_55_5734.jpg,800,moths-and-moonlets,55,5734,jpg,2022-03-13
3000/pollen_55_5735.jpg,3000,moths-and-moonlets,55,5735,jpg,2022-03-13
800/pollen_55_5735.jpg,800,moths-and-moonlets,55,5735,jpg,2022-03-13
3000/pollen_55_5736.jpg,3000,moths-and-moonlets,55,5736,jpg,2022-03-13
800/pollen_55_5736.jpg,800,moths-and-moonlets,55,5736,jpg,2022-03-13
3000/pollen_55_5737.jpg,3000,moths-and-moonlets,55,5737,jpg,2022-03-13
800/pollen_55_5737.jpg,800,moths-and-moonlets,55,5737,jpg,2022-03-13
3000/pollen_55_5738.jpg,3000,moths-and-moonlets,55,5738,jpg,2022-03-13
800/pollen_55_5738.jpg,800,moths-and-moonlets,55,5738,jpg,2022-03-13
3000/pollen_55_5739.jpg,3000,moths-and-moonlets,55,5739,jpg,2022-03-13
800/pollen_55_5739.jpg,800,moths-and-moonlets,55,5739,jpg,2022-03-13
3000/pollen_55_5740.jpg,3000,moths-and-moonlets,55,5740,jpg,2022-03-13
800/pollen_55_5740.jpg,800,moths-and-moonlets,55,5740,jpg,2022-03-13
3000/pollen_55_5741.jpg,3000,moths-and-moonlets,55,5741,jpg,2022-03-13
800/pollen_55_5741.jpg,800,moths-and-moonlets,55,5741,jpg,2022-03-13
3000/pollen_55_5742.jpg,3000,moths-and-moonlets,55,5742,jpg,2022-03-13
800/pollen_55_5742.jpg,800,moths-and-moonlets,55,5742,jpg,2022-03-13
3000/pollen_55_5743.jpg,3000,moths-and-moonlets,55,5743,jpg,2022-03-13
800/pollen_55_5743.jpg,800,moths-and-moonlets,55,5743,jpg,2022-03-13
3000/pollen_55_5744.jpg,3000,moths-and-moonlets,55,5744,jpg,2022-03-13
800/pollen_55_5744.jpg,800,moths-and-moonlets,55,5744,jpg,2022-03-13
3000/pollen_55_5745.jpg,3000,moths-and-moonlets,55,5745,jpg,2022-03-13
800/pollen_55_5745.jpg,800,moths-and-moonlets,55,5745,jpg,2022-03-13
3000/pollen_55_5746.jpg,3000,moths-and-moonlets,55,5746,jpg,2022-03-13
800/pollen_55_5746.jpg,800,moths-and-moonlets,55,5746,jpg,2022-03-13
3000/pollen_55_5747.jpg,3000,moths-and-moonlets,55,5747,jpg,2022-03-13
800/pollen_55_5747.jpg,800,moths-and-moonlets,55,5747,jpg,2022-03-13
3000/pollen_55_5748.jpg,3000,moths-and-moonlets,55,5748,jpg,2022-03-13
800/pollen_55_5748.jpg,800,moths-and-moonlets,55,5748,jpg,2022-03-13
3000/pollen_55_5749.jpg,3000,moths-and-moonlets,55,5749,jpg,2022-03-13
800/pollen_55_5749.jpg,800,moths-and-moonlets,55,5749,jpg,2022-03-13
3000/pollen_55_5750.jpg,3000,moths-and-moonlets,55,5750,jpg,2022-03-13
800/pollen_55_5750.jpg,800,moths-and-moonlets,55,5750,jpg,2022-03-13
3000/pollen_55_5751.jpg,3000,moths-and-moonlets,55,5751,jpg,2022-03-13
800/pollen_55_5751.jpg,800,moths-and-moonlets,55,5751,jpg,2022-03-13
3000/pollen_55_5752.jpg,3000,moths-and-moonlets,55,5752,jpg,2022-03-13
800/pollen_55_5752.jpg,800,moths-and-moonlets,55,5752,jpg,2022-03-13
3000/pollen_55_5753.jpg,3000,moths-and-moonlets,55,5753,jpg,2022-03-13
800/pollen_55_5753.jpg,800,moths-and-moonlets,55,5753,jpg,2022-03-13
3000/pollen_55_5754.jpg,3000,moths-and-moonlets,55,5754,jpg,2022-03-13
800/pollen_55_5754.jpg,800,moths-and-moonlets,55,5754,jpg,2022-03-13
3000/pollen_55_5755.jpg,3000,moths-and-moonlets,55,5755,jpg,2022-03-13
800/pollen_55_5755.jpg,800,moths-and-moonlets,55,5755,jpg,2022-03-13
3000/pollen_55_5756.jpg,3000,moths-and-moonlets,55,5756,jpg,2022-03-13
800/pollen_55_5756.jpg,800,moths-and-moonlets,55,5756,jpg,2022-03-13
3000/pollen_55_5757.jpg,3000,moths-and-moonlets,55,5757,jpg,2022-03-13
800/pollen_55_5757.jpg,800,moths-and-moonlets,55,5757,jpg,2022-03-13
3000/pollen_55_5758.jpg,3000,moths-and-moonlets,55,5758,jpg,2022-03-13
800/pollen_55_5758.jpg,800,moths-and-moonlets,55,5758,jpg,2022-03-13
3000/pollen_55_5759.jpg,3000,moths-and-moonlets,55,5759,jpg,2022-03-13
800/pollen_55_5759.jpg,800,moths-and-moonlets,55,5759,jpg,2022-03-13
3000/pollen_55_5760.jpg,3000,moths-and-moonlets,55,5760,jpg,2022-03-13
800/pollen_55_5760.jpg,800,moths-and-moonlets,55,5760,jpg,2022-03-13
3000/pollen_55_5761.jpg,3000,moths-and-moonlets,55,5761,jpg,2022-03-13
800/pollen_55_5761.jpg,800,moths-and-moonlets,55,5761,jpg,2022-03-13
3000/pollen_55_5762.jpg,3000,moths-and-moonlets,55,5762,jpg,2022-03-13
800/pollen_55_5762.jpg,800,moths-and-moonlets,55,5762,jpg,2022-03-13
3000/pollen_55_5763.jpg,3000,moths-and-moonlets,55,5763,jpg,2022-03-13
800/pollen_55_5763.jpg,800,moths-and-moonlets,55,5763,jpg,2022-03-13
3000/pollen_55_5764.jpg,3000,moths-and-moonlets,55,5764,jpg,2022-03-13
800/pollen_55_5764.jpg,800,moths-and-moonlets,55,5764,jpg,2022-03-13
3000/pollen_55_5765.jpg,3000,moths-and-moonlets,55,5765,jpg,2022-03-13
800/pollen_55_5765.jpg,800,moths-and-moonlets,55,5765,jpg,2022-03-13
3000/pollen_55_5766.jpg,3000,moths-and-moonlets,55,5766,jpg,2022-03-13
800/pollen_55_5766.jpg,800,moths-and-moonlets,55,5766,jpg,2022-03-13
3000/pollen_55_5767.jpg,3000,moths-and-moonlets,55,5767,jpg,2022-03-13
800/pollen_55_5767.jpg,800,moths-and-moonlets,55,5767,jpg,2022-03-13
3000/pollen_55_5768.jpg,3000,moths-and-moonlets,55,5768,jpg,2022-03-13
800/pollen_55_5768.jpg,800,moths-and-moonlets,55,5768,jpg,2022-03-13
3000/pollen_55_5769.jpg,3000,moths-and-moonlets,55,5769,jpg,2022-03-13
800/pollen_55_5769.jpg,800,moths-and-moonlets,55,5769,jpg,2022-03-13
3000/pollen_55_5770.jpg,3000,moths-and-moonlets,55,5770,jpg,2022-03-13
800/pollen_55_5770.jpg,800,moths-and-moonlets,55,5770,jpg,2022-03-13
3000/pollen_55_5771.jpg,3000,moths-and-moonlets,55,5771,jpg,2022-03-13
800/pollen_55_5771.jpg,800,moths-and-moonlets,55,5771,jpg,2022-03-13
3000/pollen_55_5772.jpg,3000,moths-and-moonlets,55,5772,jpg,2022-03-13
800/pollen_55_5772.jpg,800,moths-and-moonlets,55,5772,jpg,2022-03-13
3000/pollen_55_5773.jpg,3000,moths-and-moonlets,55,5773,jpg,2022-03-13
800/pollen_55_5773.jpg,800,moths-and-moonlets,55,5773,jpg,2022-03-13
3000/pollen_55_5774.jpg,3000,moths-and-moonlets,55,5774,jpg,2022-03-13
800/pollen_55_5774.jpg,800,moths-and-moonlets,55,5774,jpg,2022-03-13
3000/pollen_55_5775.jpg,3000,moths-and-moonlets,55,5775,jpg,2022-03-13
800/pollen_55_5775.jpg,800,moths-and-moonlets,55,5775,jpg,2022-03-13
3000/pollen_55_5776.jpg,3000,moths-and-moonlets,55,5776,jpg,2022-03-13
800/pollen_55_5776.jpg,800,moths-and-moonlets,55,5776,jpg,2022-03-13
3000/pollen_55_5777.jpg,3000,moths-and-moonlets,55,5777,jpg,2022-03-13
800/pollen_55_5777.jpg,800,moths-and-moonlets,55,5777,jpg,2022-03-13
3000/pollen_55_5778.jpg,3000,moths-and-moonlets,55,5778,jpg,2022-03-13
800/pollen_55_5778.jpg,800,moths-and-moonlets,55,5778,jpg,2022-03-13
3000/pollen_55_5779.jpg,3000,moths-and-moonlets,55,5779,jpg,2022-03-13
800/pollen_55_5779.jpg,800,moths-and-moonlets,55,5779,jpg,2022-03-13
3000/pollen_55_5780.jpg,3000,moths-and-moonlets,55,5780,jpg,2022-03-13
800/pollen_55_5780.jpg,800,moths-and-moonlets,55,5780,jpg,2022-03-13
3000/pollen_55_5781.jpg,3000,moths-and-moonlets,55,5781,jpg,2022-03-13
800/pollen_55_5781.jpg,800,moths-and-moonlets,55,5781,jpg,2022-03-13
3000/pollen_55_5782.jpg,3000,moths-and-moonlets,55,5782,jpg,2022-03-13
800/pollen_55_5782.jpg,800,moths-and-moonlets,55,5782,jpg,2022-03-13
3000/pollen_55_5783.jpg,3000,moths-and-moonlets,55,5783,jpg,2022-03-13
800/pollen_55_5783.jpg,800,moths-and-moonlets,55,5783,jpg,2022-03-13
3000/pollen_55_5784.jpg,3000,moths-and-moonlets,55,5784,jpg,2022-03-13
800/pollen_55_5784.jpg,800,moths-and-moonlets,55,5784,jpg,2022-03-13
3000/pollen_55_5785.jpg,3000,moths-and-moonlets,55,5785,jpg,2022-03-13
800/pollen_55_5785.jpg,800,moths-and-moonlets,55,5785,jpg,2022-03-13
3000/pollen_55_5786.jpg,3000,moths-and-moonlets,55,5786,jpg,2022-03-13
800/pollen_55_5786.jpg,800,moths-and-moonlets,55,5786,jpg,2022-03-13
3000/pollen_55_5787.jpg,3000,moths-and-moonlets,55,5787,jpg,2022-03-13
800/pollen_55_5787.jpg,800,moths-and-moonlets,55,5787,jpg,2022-03-13
3000/pollen_55_5788.jpg,3000,moths-and-moonlets,55,5788,jpg,2022-03-13
800/pollen_55_5788.jpg,800,moths-and-moonlets,55,5788,jpg,2022-03-13
3000/pollen_55_5789.jpg,3000,moths-and-moonlets,55,5789,jpg,2022-03-13
800/pollen_55_5789.jpg,800,moths-and-moonlets,55,5789,jpg,2022-03-13
3000/pollen_55_5790.jpg,3000,moths-and-moonlets,55,5790,jpg,2022-03-13
800/pollen_55_5790.jpg,800,moths-and-moonlets,55,5790,jpg,2022-03-13
3000/pollen_55_5791.jpg,3000,moths-and-moonlets,55,5791,jpg,2022-03-13
800/pollen_55_5791.jpg,800,moths-and-moonlets,55,5791,jpg,2022-03-13
3000/pollen_55_5792.jpg,3000,moths-and-moonlets,55,5792,jpg,2022-03-13
800/pollen_55_5792.jpg,800,moths-and-moonlets,55,5792,jpg,2022-03-13
3000/pollen_55_5793.jpg,3000,moths-and-moonlets,55,5793,jpg,2022-03-13
800/pollen_55_5793.jpg,800,moths-and-moonlets,55,5793,jpg,2022-03-13
3000/pollen_55_5794.jpg,3000,moths-and-moonlets,55,5794,jpg,2022-03-13
800/pollen_55_5794.jpg,800,moths-and-moonlets,55,5794,jpg,2022-03-13
3000/pollen_55_5795.jpg,3000,moths-and-moonlets,55,5795,jpg,2022-03-13
800/pollen_55_5795.jpg,800,moths-and-moonlets,55,5795,jpg,2022-03-13
3000/pollen_55_5796.jpg,3000,moths-and-moonlets,55,5796,jpg,2022-03-13
800/pollen_55_5796.jpg,800,moths-and-moonlets,55,5796,jpg,2022-03-13
3000/pollen_55_5797.jpg,3000,moths-and-moonlets,55,5797,jpg,2022-03-13
800/pollen_55_5797.jpg,800,moths-and-moonlets,55,5797,jpg,2022-03-13
3000/pollen_55_5798.jpg,3000,moths-and-moonlets,55,5798,jpg,2022-03-13
800/pollen_55_5798.jpg,800,moths-and-moonlets,55,5798,jpg,2022-03-13
3000/pollen_55_5799.jpg,3000,moths-and-moonlets,55,5799,jpg,2022-03-13
800/pollen_55_5799.jpg,800,moths-and-moonlets,55,5799,jpg,2022-03-13
3000/pollen_55_5800.jpg,3000,moths-and-moonlets,55,5800,jpg,2022-03-13
800/pollen_55_5800.jpg,800,moths-and-moonlets,55,5800,jpg,2022-03-13
3000/pollen_55_5801.jpg,3000,moths-and-moonlets,55,5801,jpg,2022-03-13
800/pollen_55_5801.jpg,800,moths-and-moonlets,55,5801,jpg,2022-03-13
3000/pollen_55_5802.jpg,3000,moths-and-moonlets,55,5802,jpg,2022-03-13
800/pollen_55_5802.jpg,800,moths-and-moonlets,55,5802,jpg,2022-03-13
3000/pollen_55_5803.jpg,3000,moths-and-moonlets,55,5803,jpg,2022-03-13
800/pollen_55_5803.jpg,800,moths-and-moonlets,55,5803,jpg,2022-03-13
3000/pollen_55_5804.jpg,3000,moths-and-moonlets,55,5804,jpg,2022-03-13
800/pollen_55_5804.jpg,800,moths-and-moonlets,55,5804,jpg,2022-03-13
3000/pollen_55_5805.jpg,3000,moths-and-moonlets,55,5805,jpg,2022-03-13
800/pollen_55_5805.jpg,800,moths-and-moonlets,55,5805,jpg,2022-03-13
3000/pollen_55_5806.jpg,3000,moths-and-moonlets,55,5806,jpg,2022-03-13
800/pollen_55_5806.jpg,800,moths-and-moonlets,55,5806,jpg,2022-03-13
3000/pollen_55_5807.jpg,3000,moths-and-moonlets,55,5807,jpg,2022-03-13
800/pollen_55_5807.jpg,800,moths-and-moonlets,55,5807,jpg,2022-03-13
3000/pollen_55_5808.jpg,3000,moths-and-moonlets,55,5808,jpg,2022-03-13
800/pollen_55_5808.jpg,800,moths-and-moonlets,55,5808,jpg,2022-03-13
3000/pollen_55_5809.jpg,3000,moths-and-moonlets,55,5809,jpg,2022-03-13
800/pollen_55_5809.jpg,800,moths-and-moonlets,55,5809,jpg,2022-03-13
3000/pollen_55_5810.jpg,3000,moths-and-moonlets,55,5810,jpg,2022-03-13
800/pollen_55_5810.jpg,800,moths-and-moonlets,55,5810,jpg,2022-03-13
3000/pollen_55_5811.jpg,3000,moths-and-moonlets,55,5811,jpg,2022-03-13
800/pollen_55_5811.jpg,800,moths-and-moonlets,55,5811,jpg,2022-03-13
3000/pollen_55_5812.jpg,3000,moths-and-moonlets,55,5812,jpg,2022-03-13
800/pollen_55_5812.jpg,800,moths-and-moonlets,55,5812,jpg,2022-03-13
3000/pollen_55_5813.jpg,3000,moths-and-moonlets,55,5813,jpg,2022-03-13
800/pollen_55_5813.jpg,800,moths-and-moonlets,55,5813,jpg,2022-03-13
3000/pollen_55_5814.jpg,3000,moths-and-moonlets,55,5814,jpg,2022-03-13
800/pollen_55_5814.jpg,800,moths-and-moonlets,55,5814,jpg,2022-03-13
3000/pollen_55_5815.jpg,3000,moths-and-moonlets,55,5815,jpg,2022-03-13
800/pollen_55_5815.jpg,800,moths-and-moonlets,55,5815,jpg,2022-03-13
3000/pollen_55_5816.jpg,3000,moths-and-moonlets,55,5816,jpg,2022-03-13
800/pollen_55_5816.jpg,800,moths-and-moonlets,55,5816,jpg,2022-03-13
3000/pollen_55_5817.jpg,3000,moths-and-moonlets,55,5817,jpg,2022-03-13
800/pollen_55_5817.jpg,800,moths-and-moonlets,55,5817,jpg,2022-03-13
3000/pollen_55_5818.jpg,3000,moths-and-moonlets,55,5818,jpg,2022-03-13
800/pollen_55_5818.jpg,800,moths-and-moonlets,55,5818,jpg,2022-03-13
3000/pollen_55_5819.jpg,3000,moths-and-moonlets,55,5819,jpg,2022-03-13
800/pollen_55_5819.jpg,800,moths-and-moonlets,55,5819,jpg,2022-03-13
3000/pollen_55_5820.jpg,3000,moths-and-moonlets,55,5820,jpg,2022-03-13
800/pollen_55_5820.jpg,800,moths-and-moonlets,55,5820,jpg,2022-03-13
3000/pollen_55_5821.jpg,3000,moths-and-moonlets,55,5821,jpg,2022-03-13
800/pollen_55_5821.jpg,800,moths-and-moonlets,55,5821,jpg,2022-03-13
3000/pollen_55_5822.jpg,3000,moths-and-moonlets,55,5822,jpg,2022-03-13
800/pollen_55_5822.jpg,800,moths-and-moonlets,55,5822,jpg,2022-03-13
3000/pollen_55_5823.jpg,3000,moths-and-moonlets,55,5823,jpg,2022-03-13
800/pollen_55_5823.jpg,800,moths-and-moonlets,55,5823,jpg,2022-03-13
3000/pollen_55_5824.jpg,3000,moths-and-moonlets,55,5824,jpg,2022-03-13
800/pollen_55_5824.jpg,800,moths-and-moonlets,55,5824,jpg,2022-03-13
3000/pollen_55_5825.jpg,3000,moths-and-moonlets,55,5825,jpg,2022-03-13
800/pollen_55_5825.jpg,800,moths-and-moonlets,55,5825,jpg,2022-03-13
3000/pollen_55_5826.jpg,3000,moths-and-moonlets,55,5826,jpg,2022-03-13
800/pollen_55_5826.jpg,800,moths-and-moonlets,55,5826,jpg,2022-03-13
3000/pollen_55_5827.jpg,3000,moths-and-moonlets,55,5827,jpg,2022-03-13
800/pollen_55_5827.jpg,800,moths-and-moonlets,55,5827,jpg,2022-03-13
3000/pollen_55_5828.jpg,3000,moths-and-moonlets,55,5828,jpg,2022-03-13
800/pollen_55_5828.jpg,800,moths-and-moonlets,55,5828,jpg,2022-03-13
3000/pollen_55_5829.jpg,3000,moths-and-moonlets,55,5829,jpg,2022-03-13
800/pollen_55_5829.jpg,800,moths-and-moonlets,55,5829,jpg,2022-03-13
3000/pollen_55_5830.jpg,3000,moths-and-moonlets,55,5830,jpg,2022-03-13
800/pollen_55_5830.jpg,800,moths-and-moonlets,55,5830,jpg,2022-03-13
3000/pollen_55_5831.jpg,3000,moths-and-moonlets,55,5831,jpg,2022-03-13
800/pollen_55_5831.jpg,800,moths-and-moonlets,55,5831,jpg,2022-03-13
3000/pollen_55_5832.jpg,3000,moths-and-moonlets,55,5832,jpg,2022-03-13
800/pollen_55_5832.jpg,800,moths-and-moonlets,55,5832,jpg,2022-03-13
3000/pollen_55_5833.jpg,3000,moths-and-moonlets,55,5833,jpg,2022-03-13
800/pollen_55_5833.jpg,800,moths-and-moonlets,55,5833,jpg,2022-03-13
3000/pollen_55_5834.jpg,3000,moths-and-moonlets,55,5834,jpg,2022-03-13
800/pollen_55_5834.jpg,800,moths-and-moonlets,55,5834,jpg,2022-03-13
3000/pollen_55_5835.jpg,3000,moths-and-moonlets,55,5835,jpg,2022-03-13
800/pollen_55_5835.jpg,800,moths-and-moonlets,55,5835,jpg,2022-03-13
3000/pollen_55_5836.jpg,3000,moths-and-moonlets,55,5836,jpg,2022-03-13
800/pollen_55_5836.jpg,800,moths-and-moonlets,55,5836,jpg,2022-03-13
3000/pollen_55_5837.jpg,3000,moths-and-moonlets,55,5837,jpg,2022-03-13
800/pollen_55_5837.jpg,800,moths-and-moonlets,55,5837,jpg,2022-03-13
3000/pollen_55_5838.jpg,3000,moths-and-moonlets,55,5838,jpg,2022-03-13
800/pollen_55_5838.jpg,800,moths-and-moonlets,55,5838,jpg,2022-03-13
3000/pollen_55_5839.jpg,3000,moths-and-moonlets,55,5839,jpg,2022-03-13
800/pollen_55_5839.jpg,800,moths-and-moonlets,55,5839,jpg,2022-03-13
3000/pollen_55_5840.jpg,3000,moths-and-moonlets,55,5840,jpg,2022-03-13
800/pollen_55_5840.jpg,800,moths-and-moonlets,55,5840,jpg,2022-03-13
3000/pollen_55_5841.jpg,3000,moths-and-moonlets,55,5841,jpg,2022-03-13
800/pollen_55_5841.jpg,800,moths-and-moonlets,55,5841,jpg,2022-03-13
3000/pollen_55_5842.jpg,3000,moths-and-moonlets,55,5842,jpg,2022-03-13
800/pollen_55_5842.jpg,800,moths-and-moonlets,55,5842,jpg,2022-03-13
3000/pollen_55_5843.jpg,3000,moths-and-moonlets,55,5843,jpg,2022-03-13
800/pollen_55_5843.jpg,800,moths-and-moonlets,55,5843,jpg,2022-03-13
3000/pollen_55_5844.jpg,3000,moths-and-moonlets,55,5844,jpg,2022-03-13
800/pollen_55_5844.jpg,800,moths-and-moonlets,55,5844,jpg,2022-03-13
3000/pollen_55_5845.jpg,3000,moths-and-moonlets,55,5845,jpg,2022-03-13
800/pollen_55_5845.jpg,800,moths-and-moonlets,55,5845,jpg,2022-03-13
3000/pollen_55_5846.jpg,3000,moths-and-moonlets,55,5846,jpg,2022-03-13
800/pollen_55_5846.jpg,800,moths-and-moonlets,55,5846,jpg,2022-03-13
3000/pollen_55_5847.jpg,3000,moths-and-moonlets,55,5847,jpg,2022-03-13
800/pollen_55_5847.jpg,800,moths-and-moonlets,55,5847,jpg,2022-03-13
3000/pollen_55_5848.jpg,3000,moths-and-moonlets,55,5848,jpg,2022-03-13
800/pollen_55_5848.jpg,800,moths-and-moonlets,55,5848,jpg,2022-03-13
3000/pollen_55_5849.jpg,3000,moths-and-moonlets,55,5849,jpg,2022-03-13
800/pollen_55_5849.jpg,800,moths-and-moonlets,55,5849,jpg,2022-03-13
3000/pollen_55_5850.jpg,3000,moths-and-moonlets,55,5850,jpg,2022-03-13
800/pollen_55_5850.jpg,800,moths-and-moonlets,55,5850,jpg,2022-03-13
3000/pollen_55_5851.jpg,3000,moths-and-moonlets,55,5851,jpg,2022-03-13
800/pollen_55_5851.jpg,800,moths-and-moonlets,55,5851,jpg,2022-03-13
3000/pollen_55_5852.jpg,3000,moths-and-moonlets,55,5852,jpg,2022-03-13
800/pollen_55_5852.jpg,800,moths-and-moonlets,55,5852,jpg,2022-03-13
3000/pollen_55_5853.jpg,3000,moths-and-moonlets,55,5853,jpg,2022-03-13
800/pollen_55_5853.jpg,800,moths-and-moonlets,55,5853,jpg,2022-03-13
3000/pollen_55_5854.jpg,3000,moths-and-moonlets,55,5854,jpg,2022-03-13
800/pollen_55_5854.jpg,800,moths-and-moonlets,55,5854,jpg,2022-03-13
3000/pollen_55_5855.jpg,3000,moths-and-moonlets,55,5855,jpg,2022-03-13
800/pollen_55_5855.jpg,800,moths-and-moonlets,55,5855,jpg,2022-03-13
3000/pollen_55_5856.jpg,3000,moths-and-moonlets,55,5856,jpg,2022-03-13
800/pollen_55_5856.jpg,800,moths-and-moonlets,55,5856,jpg,2022-03-13
3000/pollen_55_5857.jpg,3000,moths-and-moonlets,55,5857,jpg,2022-03-13
800/pollen_55_5857.jpg,800,moths-and-moonlets,55,5857,jpg,2022-03-13
3000/pollen_55_5858.jpg,3000,moths-and-moonlets,55,5858,jpg,2022-03-13
800/pollen_55_5858.jpg,800,moths-and-moonlets,55,5858,jpg,2022-03-13
3000/pollen_55_5859.jpg,3000,moths-and-moonlets,55,5859,jpg,2022-03-13
800/pollen_55_5859.jpg,800,moths-and-moonlets,55,5859,jpg,2022-03-13
3000/pollen_55_5860.jpg,3000,moths-and-moonlets,55,5860,jpg,2022-03-13
800/pollen_55_5860.jpg,800,moths-and-moonlets,55,5860,jpg,2022-03-13
3000/pollen_55_5861.jpg,3000,moths-and-moonlets,55,5861,jpg,2022-03-13
800/pollen_55_5861.jpg,800,moths-and-moonlets,55,5861,jpg,2022-03-13
3000/pollen_55_5862.jpg,3000,moths-and-moonlets,55,5862,jpg,2022-03-13
800/pollen_55_5862.jpg,800,moths-and-moonlets,55,5862,jpg,2022-03-13
3000/pollen_55_5863.jpg,3000,moths-and-moonlets,55,5863,jpg,2022-03-13
800/pollen_55_5863.jpg,800,moths-and-moonlets,55,5863,jpg,2022-03-13
3000/pollen_55_5864.jpg,3000,moths-and-moonlets,55,5864,jpg,2022-03-13
800/pollen_55_5864.jpg,800,moths-and-moonlets,55,5864,jpg,2022-03-13
3000/pollen_55_5865.jpg,3000,moths-and-moonlets,55,5865,jpg,2022-03-13
800/pollen_55_5865.jpg,800,moths-and-moonlets,55,5865,jpg,2022-03-13
3000/pollen_55_5866.jpg,3000,moths-and-moonlets,55,5866,jpg,2022-03-13
800/pollen_55_5866.jpg,800,moths-and-moonlets,55,5866,jpg,2022-03-13
3000/pollen_55_5867.jpg,3000,moths-and-moonlets,55,5867,jpg,2022-03-13
800/pollen_55_5867.jpg,800,moths-and-moonlets,55,5867,jpg,2022-03-13
3000/pollen_55_5868.jpg,3000,moths-and-moonlets,55,5868,jpg,2022-03-13
800/pollen_55_5868.jpg,800,moths-and-moonlets,55,5868,jpg,2022-03-13
3000/pollen_55_5869.jpg,3000,moths-and-moonlets,55,5869,jpg,2022-03-13
800/pollen_55_5869.jpg,800,moths-and-moonlets,55,5869,jpg,2022-03-13
3000/pollen_55_5870.jpg,3000,moths-and-moonlets,55,5870,jpg,2022-03-13
800/pollen_55_5870.jpg,800,moths-and-moonlets,55,5870,jpg,2022-03-13
3000/pollen_55_5871.jpg,3000,moths-and-moonlets,55,5871,jpg,2022-03-13
800/pollen_55_5871.jpg,800,moths-and-moonlets,55,5871,jpg,2022-03-13
3000/pollen_55_5872.jpg,3000,moths-and-moonlets,55,5872,jpg,2022-03-13
800/pollen_55_5872.jpg,800,moths-and-moonlets,55,5872,jpg,2022-03-13
3000/pollen_55_5873.jpg,3000,moths-and-moonlets,55,5873,jpg,2022-03-13
800/pollen_55_5873.jpg,800,moths-and-moonlets,55,5873,jpg,2022-03-13
3000/pollen_55_5874.jpg,3000,moths-and-moonlets,55,5874,jpg,2022-03-13
800/pollen_55_5874.jpg,800,moths-and-moonlets,55,5874,jpg,2022-03-13
3000/pollen_55_5875.jpg,3000,moths-and-moonlets,55,5875,jpg,2022-03-13
800/pollen_55_5875.jpg,800,moths-and-moonlets,55,5875,jpg,2022-03-13
3000/pollen_55_5876.jpg,3000,moths-and-moonlets,55,5876,jpg,2022-03-13
800/pollen_55_5876.jpg,800,moths-and-moonlets,55,5876,jpg,2022-03-13
3000/pollen_55_5877.jpg,3000,moths-and-moonlets,55,5877,jpg,2022-03-13
800/pollen_55_5877.jpg,800,moths-and-moonlets,55,5877,jpg,2022-03-13
3000/pollen_55_5878.jpg,3000,moths-and-moonlets,55,5878,jpg,2022-03-13
800/pollen_55_5878.jpg,800,moths-and-moonlets,55,5878,jpg,2022-03-13
3000/pollen_55_5879.jpg,3000,moths-and-moonlets,55,5879,jpg,2022-03-13
800/pollen_55_5879.jpg,800,moths-and-moonlets,55,5879,jpg,2022-03-13
3000/pollen_55_5880.jpg,3000,moths-and-moonlets,55,5880,jpg,2022-03-13
800/pollen_55_5880.jpg,800,moths-and-moonlets,55,5880,jpg,2022-03-13
3000/pollen_55_5881.jpg,3000,moths-and-moonlets,55,5881,jpg,2022-03-13
800/pollen_55_5881.jpg,800,moths-and-moonlets,55,5881,jpg,2022-03-13
3000/pollen_55_5882.jpg,3000,moths-and-moonlets,55,5882,jpg,2022-03-13
800/pollen_55_5882.jpg,800,moths-and-moonlets,55,5882,jpg,2022-03-13
3000/pollen_55_5883.jpg,3000,moths-and-moonlets,55,5883,jpg,2022-03-13
800/pollen_55_5883.jpg,800,moths-and-moonlets,55,5883,jpg,2022-03-13
3000/pollen_55_5884.jpg,3000,moths-and-moonlets,55,5884,jpg,2022-03-13
800/pollen_55_5884.jpg,800,moths-and-moonlets,55,5884,jpg,2022-03-13
3000/pollen_55_5885.jpg,3000,moths-and-moonlets,55,5885,jpg,2022-03-13
800/pollen_55_5885.jpg,800,moths-and-moonlets,55,5885,jpg,2022-03-13
3000/pollen_55_5886.jpg,3000,moths-and-moonlets,55,5886,jpg,2022-03-13
800/pollen_55_5886.jpg,800,moths-and-moonlets,55,5886,jpg,2022-03-13
3000/pollen_55_5887.jpg,3000,moths-and-moonlets,55,5887,jpg,2022-03-13
800/pollen_55_5887.jpg,800,moths-and-moonlets,55,5887,jpg,2022-03-13
3000/pollen_55_5888.jpg,3000,moths-and-moonlets,55,5888,jpg,2022-03-13
800/pollen_55_5888.jpg,800,moths-and-moonlets,55,5888,jpg,2022-03-13
3000/pollen_55_5889.jpg,3000,moths-and-moonlets,55,5889,jpg,2022-03-13
800/pollen_55_5889.jpg,800,moths-and-moonlets,55,5889,jpg,2022-03-13
3000/pollen_55_5890.jpg,3000,moths-and-moonlets,55,5890,jpg,2022-03-13
800/pollen_55_5890.jpg,800,moths-and-moonlets,55,5890,jpg,2022-03-13
3000/pollen_55_5891.jpg,3000,moths-and-moonlets,55,5891,jpg,2022-03-13
800/pollen_55_5891.jpg,800,moths-and-moonlets,55,5891,jpg,2022-03-13
3000/pollen_55_5892.jpg,3000,moths-and-moonlets,55,5892,jpg,2022-03-13
800/pollen_55_5892.jpg,800,moths-and-moonlets,55,5892,jpg,2022-03-13
3000/pollen_55_5893.jpg,3000,moths-and-moonlets,55,5893,jpg,2022-03-13
800/pollen_55_5893.jpg,800,moths-and-moonlets,55,5893,jpg,2022-03-13
3000/pollen_55_5894.jpg,3000,moths-and-moonlets,55,5894,jpg,2022-03-13
800/pollen_55_5894.jpg,800,moths-and-moonlets,55,5894,jpg,2022-03-13
3000/pollen_55_5895.jpg,3000,moths-and-moonlets,55,5895,jpg,2022-03-13
800/pollen_55_5895.jpg,800,moths-and-moonlets,55,5895,jpg,2022-03-13
3000/pollen_55_5896.jpg,3000,moths-and-moonlets,55,5896,jpg,2022-03-13
800/pollen_55_5896.jpg,800,moths-and-moonlets,55,5896,jpg,2022-03-13
3000/pollen_55_5897.jpg,3000,moths-and-moonlets,55,5897,jpg,2022-03-13
800/pollen_55_5897.jpg,800,moths-and-moonlets,55,5897,jpg,2022-03-13
3000/pollen_55_5898.jpg,3000,moths-and-moonlets,55,5898,jpg,2022-03-13
800/pollen_55_5898.jpg,800,moths-and-moonlets,55,5898,jpg,2022-03-13
3000/pollen_55_5899.jpg,3000,moths-and-moonlets,55,5899,jpg,2022-03-13
800/pollen_55_5899.jpg,800,moths-and-moonlets,55,5899,jpg,2022-03-13
3000/pollen_55_5900.jpg,3000,moths-and-moonlets,55,5900,jpg,2022-03-13
800/pollen_55_5900.jpg,800,moths-and-moonlets,55,5900,jpg,2022-03-13
3000/pollen_55_5901.jpg,3000,moths-and-moonlets,55,5901,jpg,2022-03-13
800/pollen_55_5901.jpg,800,moths-and-moonlets,55,5901,jpg,2022-03-13
3000/pollen_55_5902.jpg,3000,moths-and-moonlets,55,5902,jpg,2022-03-13
800/pollen_55_5902.jpg,800,moths-and-moonlets,55,5902,jpg,2022-03-13
3000/pollen_55_5903.jpg,3000,moths-and-moonlets,55,5903,jpg,2022-03-13
800/pollen_55_5903.jpg,800,moths-and-moonlets,55,5903,jpg,2022-03-13
3000/pollen_55_5904.jpg,3000,moths-and-moonlets,55,5904,jpg,2022-03-13
800/pollen_55_5904.jpg,800,moths-and-moonlets,55,5904,jpg,2022-03-13
3000/pollen_55_5905.jpg,3000,moths-and-moonlets,55,5905,jpg,2022-03-13
800/pollen_55_5905.jpg,800,moths-and-moonlets,55,5905,jpg,2022-03-13
3000/pollen_55_5906.jpg,3000,moths-and-moonlets,55,5906,jpg,2022-03-13
800/pollen_55_5906.jpg,800,moths-and-moonlets,55,5906,jpg,2022-03-13
3000/pollen_55_5907.jpg,3000,moths-and-moonlets,55,5907,jpg,2022-03-13
800/pollen_55_5907.jpg,800,moths-and-moonlets,55,5907,jpg,2022-03-13
3000/pollen_55_5908.jpg,3000,moths-and-moonlets,55,5908,jpg,2022-03-13
800/pollen_55_5908.jpg,800,moths-and-moonlets,55,5908,jpg,2022-03-13
3000/pollen_55_5909.jpg,3000,moths-and-moonlets,55,5909,jpg,2022-03-13
800/pollen_55_5909.jpg,800,moths-and-moonlets,55,5909,jpg,2022-03-13
3000/pollen_55_5910.jpg,3000,moths-and-moonlets,55,5910,jpg,2022-03-13
800/pollen_55_5910.jpg,800,moths-and-moonlets,55,5910,jpg,2022-03-13
3000/pollen_55_5911.jpg,3000,moths-and-moonlets,55,5911,jpg,2022-03-13
800/pollen_55_5911.jpg,800,moths-and-moonlets,55,5911,jpg,2022-03-13
3000/pollen_55_5912.jpg,3000,moths-and-moonlets,55,5912,jpg,2022-03-13
800/pollen_55_5912.jpg,800,moths-and-moonlets,55,5912,jpg,2022-03-13
3000/pollen_55_5913.jpg,3000,moths-and-moonlets,55,5913,jpg,2022-03-13
800/pollen_55_5913.jpg,800,moths-and-moonlets,55,5913,jpg,2022-03-13
3000/pollen_55_5914.jpg,3000,moths-and-moonlets,55,5914,jpg,2022-03-13
800/pollen_55_5914.jpg,800,moths-and-moonlets,55,5914,jpg,2022-03-13
3000/pollen_55_5915.jpg,3000,moths-and-moonlets,55,5915,jpg,2022-03-13
800/pollen_55_5915.jpg,800,moths-and-moonlets,55,5915,jpg,2022-03-13
3000/pollen_55_5916.jpg,3000,moths-and-moonlets,55,5916,jpg,2022-03-13
800/pollen_55_5916.jpg,800,moths-and-moonlets,55,5916,jpg,2022-03-13
3000/pollen_55_5917.jpg,3000,moths-and-moonlets,55,5917,jpg,2022-03-13
800/pollen_55_5917.jpg,800,moths-and-moonlets,55,5917,jpg,2022-03-13
3000/pollen_55_5918.jpg,3000,moths-and-moonlets,55,5918,jpg,2022-03-13
800/pollen_55_5918.jpg,800,moths-and-moonlets,55,5918,jpg,2022-03-13
3000/pollen_55_5919.jpg,3000,moths-and-moonlets,55,5919,jpg,2022-03-13
800/pollen_55_5919.jpg,800,moths-and-moonlets,55,5919,jpg,2022-03-13
3000/pollen_55_5920.jpg,3000,moths-and-moonlets,55,5920,jpg,2022-03-13
800/pollen_55_5920.jpg,800,moths-and-moonlets,55,5920,jpg,2022-03-13
3000/pollen_55_5921.jpg,3000,moths-and-moonlets,55,5921,jpg,2022-03-13
800/pollen_55_5921.jpg,800,moths-and-moonlets,55,5921,jpg,2022-03-13
3000/pollen_55_5922.jpg,3000,moths-and-moonlets,55,5922,jpg,2022-03-13
800/pollen_55_5922.jpg,800,moths-and-moonlets,55,5922,jpg,2022-03-13
3000/pollen_55_5923.jpg,3000,moths-and-moonlets,55,5923,jpg,2022-03-13
800/pollen_55_5923.jpg,800,moths-and-moonlets,55,5923,jpg,2022-03-13
3000/pollen_55_5924.jpg,3000,moths-and-moonlets,55,5924,jpg,2022-03-13
800/pollen_55_5924.jpg,800,moths-and-moonlets,55,5924,jpg,2022-03-13
3000/pollen_55_5925.jpg,3000,moths-and-moonlets,55,5925,jpg,2022-03-13
800/pollen_55_5925.jpg,800,moths-and-moonlets,55,5925,jpg,2022-03-13
3000/pollen_55_5926.jpg,3000,moths-and-moonlets,55,5926,jpg,2022-03-13
800/pollen_55_5926.jpg,800,moths-and-moonlets,55,5926,jpg,2022-03-13
3000/pollen_55_5927.jpg,3000,moths-and-moonlets,55,5927,jpg,2022-03-13
800/pollen_55_5927.jpg,800,moths-and-moonlets,55,5927,jpg,2022-03-13
3000/pollen_55_5928.jpg,3000,moths-and-moonlets,55,5928,jpg,2022-03-13
800/pollen_55_5928.jpg,800,moths-and-moonlets,55,5928,jpg,2022-03-13
3000/pollen_55_5929.jpg,3000,moths-and-moonlets,55,5929,jpg,2022-03-13
800/pollen_55_5929.jpg,800,moths-and-moonlets,55,5929,jpg,2022-03-13
3000/pollen_55_5930.jpg,3000,moths-and-moonlets,55,5930,jpg,2022-03-13
800/pollen_55_5930.jpg,800,moths-and-moonlets,55,5930,jpg,2022-03-13
3000/pollen_55_5931.jpg,3000,moths-and-moonlets,55,5931,jpg,2022-03-13
800/pollen_55_5931.jpg,800,moths-and-moonlets,55,5931,jpg,2022-03-13
3000/pollen_55_5932.jpg,3000,moths-and-moonlets,55,5932,jpg,2022-03-13
800/pollen_55_5932.jpg,800,moths-and-moonlets,55,5932,jpg,2022-03-13
3000/pollen_55_5933.jpg,3000,moths-and-moonlets,55,5933,jpg,2022-03-13
800/pollen_55_5933.jpg,800,moths-and-moonlets,55,5933,jpg,2022-03-13
3000/pollen_55_5934.jpg,3000,moths-and-moonlets,55,5934,jpg,2022-03-13
800/pollen_55_5934.jpg,800,moths-and-moonlets,55,5934,jpg,2022-03-13
3000/pollen_55_5935.jpg,3000,moths-and-moonlets,55,5935,jpg,2022-03-13
800/pollen_55_5935.jpg,800,moths-and-moonlets,55,5935,jpg,2022-03-13
3000/pollen_55_5936.jpg,3000,moths-and-moonlets,55,5936,jpg,2022-03-13
800/pollen_55_5936.jpg,800,moths-and-moonlets,55,5936,jpg,2022-03-13
3000/pollen_55_5937.jpg,3000,moths-and-moonlets,55,5937,jpg,2022-03-13
800/pollen_55_5937.jpg,800,moths-and-moonlets,55,5937,jpg,2022-03-13
3000/pollen_55_5938.jpg,3000,moths-and-moonlets,55,5938,jpg,2022-03-13
800/pollen_55_5938.jpg,800,moths-and-moonlets,55,5938,jpg,2022-03-13
3000/pollen_55_5939.jpg,3000,moths-and-moonlets,55,5939,jpg,2022-03-13
800/pollen_55_5939.jpg,800,moths-and-moonlets,55,5939,jpg,2022-03-13
3000/pollen_55_5940.jpg,3000,moths-and-moonlets,55,5940,jpg,2022-03-13
800/pollen_55_5940.jpg,800,moths-and-moonlets,55,5940,jpg,2022-03-13
3000/pollen_55_5941.jpg,3000,moths-and-moonlets,55,5941,jpg,2022-03-13
800/pollen_55_5941.jpg,800,moths-and-moonlets,55,5941,jpg,2022-03-13
3000/pollen_55_5942.jpg,3000,moths-and-moonlets,55,5942,jpg,2022-03-13
800/pollen_55_5942.jpg,800,moths-and-moonlets,55,5942,jpg,2022-03-13
3000/pollen_55_5943.jpg,3000,moths-and-moonlets,55,5943,jpg,2022-03-13
800/pollen_55_5943.jpg,800,moths-and-moonlets,55,5943,jpg,2022-03-13
3000/pollen_55_5944.jpg,3000,moths-and-moonlets,55,5944,jpg,2022-03-13
800/pollen_55_5944.jpg,800,moths-and-moonlets,55,5944,jpg,2022-03-13
3000/pollen_55_5945.jpg,3000,moths-and-moonlets,55,5945,jpg,2022-03-13
800/pollen_55_5945.jpg,800,moths-and-moonlets,55,5945,jpg,2022-03-13
3000/pollen_55_5946.jpg,3000,moths-and-moonlets,55,5946,jpg,2022-03-13
800/pollen_55_5946.jpg,800,moths-and-moonlets,55,5946,jpg,2022-03-13
3000/pollen_55_5947.jpg,3000,moths-and-moonlets,55,5947,jpg,2022-03-13
800/pollen_55_5947.jpg,800,moths-and-moonlets,55,5947,jpg,2022-03-13
3000/pollen_55_5948.jpg,3000,moths-and-moonlets,55,5948,jpg,2022-03-13
800/pollen_55_5948.jpg,800,moths-and-moonlets,55,5948,jpg,2022-03-13
3000/pollen_55_5949.jpg,3000,moths-and-moonlets,55,5949,jpg,2022-03-13
800/pollen_55_5949.jpg,800,moths-and-moonlets,55,5949,jpg,2022-03-13
3000/pollen_55_5950.jpg,3000,moths-and-moonlets,55,5950,jpg,2022-03-13
800/pollen_55_5950.jpg,800,moths-and-moonlets,55,5950,jpg,2022-03-13
3000/pollen_55_5951.jpg,3000,moths-and-moonlets,55,5951,jpg,2022-03-13
800/pollen_55_5951.jpg,800,moths-and-moonlets,55,5951,jpg,2022-03-13
3000/pollen_55_5952.jpg,3000,moths-and-moonlets,55,5952,jpg,2022-03-13
800/pollen_55_5952.jpg,800,moths-and-moonlets,55,5952,jpg,2022-03-13
3000/pollen_55_5953.jpg,3000,moths-and-moonlets,55,5953,jpg,2022-03-13
800/pollen_55_5953.jpg,800,moths-and-moonlets,55,5953,jpg,2022-03-13
3000/pollen_55_5954.jpg,3000,moths-and-moonlets,55,5954,jpg,2022-03-13
800/pollen_55_5954.jpg,800,moths-and-moonlets,55,5954,jpg,2022-03-13
3000/pollen_55_5955.jpg,3000,moths-and-moonlets,55,5955,jpg,2022-03-13
800/pollen_55_5955.jpg,800,moths-and-moonlets,55,5955,jpg,2022-03-13
3000/pollen_55_5956.jpg,3000,moths-and-moonlets,55,5956,jpg,2022-03-13
800/pollen_55_5956.jpg,800,moths-and-moonlets,55,5956,jpg,2022-03-13
3000/pollen_55_5957.jpg,3000,moths-and-moonlets,55,5957,jpg,2022-03-13
800/pollen_55_5957.jpg,800,moths-and-moonlets,55,5957,jpg,2022-03-13
3000/pollen_55_5958.jpg,3000,moths-and-moonlets,55,5958,jpg,2022-03-13
800/pollen_55_5958.jpg,800,moths-and-moonlets,55,5958,jpg,2022-03-13
3000/pollen_55_5959.jpg,3000,moths-and-moonlets,55,5959,jpg,2022-03-13
800/pollen_55_5959.jpg,800,moths-and-moonlets,55,5959,jpg,2022-03-13
3000/pollen_55_5960.jpg,3000,moths-and-moonlets,55,5960,jpg,2022-03-13
800/pollen_55_5960.jpg,800,moths-and-moonlets,55,5960,jpg,2022-03-13
3000/pollen_55_5961.jpg,3000,moths-and-moonlets,55,5961,jpg,2022-03-13
800/pollen_55_5961.jpg,800,moths-and-moonlets,55,5961,jpg,2022-03-13
3000/pollen_55_5962.jpg,3000,moths-and-moonlets,55,5962,jpg,2022-03-13
800/pollen_55_5962.jpg,800,moths-and-moonlets,55,5962,jpg,2022-03-13
3000/pollen_55_5963.jpg,3000,moths-and-moonlets,55,5963,jpg,2022-03-13
800/pollen_55_5963.jpg,800,moths-and-moonlets,55,5963,jpg,2022-03-13
3000/pollen_55_5964.jpg,3000,moths-and-moonlets,55,5964,jpg,2022-03-13
800/pollen_55_5964.jpg,800,moths-and-moonlets,55,5964,jpg,2022-03-13
3000/pollen_55_5965.jpg,3000,moths-and-moonlets,55,5965,jpg,2022-03-13
800/pollen_55_5965.jpg,800,moths-and-moonlets,55,5965,jpg,2022-03-13
3000/pollen_55_5966.jpg,3000,moths-and-moonlets,55,5966,jpg,2022-03-13
800/pollen_55_5966.jpg,800,moths-and-moonlets,55,5966,jpg,2022-03-13
3000/pollen_55_5967.jpg,3000,moths-and-moonlets,55,5967,jpg,2022-03-13
800/pollen_55_5967.jpg,800,moths-and-moonlets,55,5967,jpg,2022-03-13
3000/pollen_55_5968.jpg,3000,moths-and-moonlets,55,5968,jpg,2022-03-13
800/pollen_55_5968.jpg,800,moths-and-moonlets,55,5968,jpg,2022-03-13
3000/pollen_55_5969.jpg,3000,moths-and-moonlets,55,5969,jpg,2022-03-13
800/pollen_55_5969.jpg,800,moths-and-moonlets,55,5969,jpg,2022-03-13
3000/pollen_55_5970.jpg,3000,moths-and-moonlets,55,5970,jpg,2022-03-13
800/pollen_55_5970.jpg,800,moths-and-moonlets,55,5970,jpg,2022-03-13
3000/pollen_55_5971.jpg,3000,moths-and-moonlets,55,5971,jpg,2022-03-13
800/pollen_55_5971.jpg,800,moths-and-moonlets,55,5971,jpg,2022-03-13
3000/pollen_55_5972.jpg,3000,moths-and-moonlets,55,5972,jpg,2022-03-13
800/pollen_55_5972.jpg,800,moths-and-moonlets,55,5972,jpg,2022-03-13
3000/pollen_55_5973.jpg,3000,moths-and-moonlets,55,5973,jpg,2022-03-13
800/pollen_55_5973.jpg,800,moths-and-moonlets,55,5973,jpg,2022-03-13
3000/pollen_55_5974.jpg,3000,moths-and-moonlets,55,5974,jpg,2022-03-13
800/pollen_55_5974.jpg,800,moths-and-moonlets,55,5974,jpg,2022-03-13
3000/pollen_55_5975.jpg,3000,moths-and-moonlets,55,5975,jpg,2022-03-13
800/pollen_55_5975.jpg,800,moths-and-moonlets,55,5975,jpg,2022-03-13
3000/pollen_55_5976.jpg,3000,moths-and-moonlets,55,5976,jpg,2022-03-13
800/pollen_55_5976.jpg,800,moths-and-moonlets,55,5976,jpg,2022-03-13
3000/pollen_55_5977.jpg,3000,moths-and-moonlets,55,5977,jpg,2022-03-13
800/pollen_55_5977.jpg,800,moths-and-moonlets,55,5977,jpg,2022-03-13
3000/pollen_55_5978.jpg,3000,moths-and-moonlets,55,5978,jpg,2022-03-13
800/pollen_55_5978.jpg,800,moths-and-moonlets,55,5978,jpg,2022-03-13
3000/pollen_55_5979.jpg,3000,moths-and-moonlets,55,5979,jpg,2022-03-13
800/pollen_55_5979.jpg,800,moths-and-moonlets,55,5979,jpg,2022-03-13
3000/pollen_55_5980.jpg,3000,moths-and-moonlets,55,5980,jpg,2022-03-13
800/pollen_55_5980.jpg,800,moths-and-moonlets,55,5980,jpg,2022-03-13
3000/pollen_55_5981.jpg,3000,moths-and-moonlets,55,5981,jpg,2022-03-13
800/pollen_55_5981.jpg,800,moths-and-moonlets,55,5981,jpg,2022-03-13
3000/pollen_55_5982.jpg,3000,moths-and-moonlets,55,5982,jpg,2022-03-13
800/pollen_55_5982.jpg,800,moths-and-moonlets,55,5982,jpg,2022-03-13
3000/pollen_55_5983.jpg,3000,moths-and-moonlets,55,5983,jpg,2022-03-13
800/pollen_55_5983.jpg,800,moths-and-moonlets,55,5983,jpg,2022-03-13
3000/pollen_55_5984.jpg,3000,moths-and-moonlets,55,5984,jpg,2022-03-13
800/pollen_55_5984.jpg,800,moths-and-moonlets,55,5984,jpg,2022-03-13
3000/pollen_55_5985.jpg,3000,moths-and-moonlets,55,5985,jpg,2022-03-13
800/pollen_55_5985.jpg,800,moths-and-moonlets,55,5985,jpg,2022-03-13
3000/pollen_55_5986.jpg,3000,moths-and-moonlets,55,5986,jpg,2022-03-13
800/pollen_55_5986.jpg,800,moths-and-moonlets,55,5986,jpg,2022-03-13
3000/pollen_55_5987.jpg,3000,moths-and-moonlets,55,5987,jpg,2022-03-13
800/pollen_55_5987.jpg,800,moths-and-moonlets,55,5987,jpg,2022-03-13
3000/pollen_55_5988.jpg,3000,moths-and-moonlets,55,5988,jpg,2022-03-13
800/pollen_55_5988.jpg,800,moths-and-moonlets,55,5988,jpg,2022-03-13
3000/pollen_55_5989.jpg,3000,moths-and-moonlets,55,5989,jpg,2022-03-13
800/pollen_55_5989.jpg,800,moths-and-moonlets,55,5989,jpg,2022-03-13
3000/pollen_55_5990.jpg,3000,moths-and-moonlets,55,5990,jpg,2022-03-13
800/pollen_55_5990.jpg,800,moths-and-moonlets,55,5990,jpg,2022-03-13
3000/pollen_55_5991.jpg,3000,moths-and-moonlets,55,5991,jpg,2022-03-13
800/pollen_55_5991.jpg,800,moths-and-moonlets,55,5991,jpg,2022-03-13
3000/pollen_55_5992.jpg,3000,moths-and-moonlets,55,5992,jpg,2022-03-13
800/pollen_55_5992.jpg,800,moths-and-moonlets,55,5992,jpg,2022-03-13
3000/pollen_55_5993.jpg,3000,moths-and-moonlets,55,5993,jpg,2022-03-13
800/pollen_55_5993.jpg,800,moths-and-moonlets,55,5993,jpg,2022-03-13
3000/pollen_55_5994.jpg,3000,moths-and-moonlets,55,5994,jpg,2022-03-13
800/pollen_55_5994.jpg,800,moths-and-moonlets,55,5994,jpg,2022-03-13
3000/pollen_55_5995.jpg,3000,moths-and-moonlets,55,5995,jpg,2022-03-13
800/pollen_55_5995.jpg,800,moths-and-moonlets,55,5995,jpg,2022-03-13
3000/pollen_55_5996.jpg,3000,moths-and-moonlets,55,5996,jpg,2022-03-13
800/pollen_55_5996.jpg,800,moths-and-moonlets,55,5996,jpg,2022-03-13
3000/pollen_55_5997.jpg,3000,moths-and-moonlets,55,5997,jpg,2022-03-13
800/pollen_55_5997.jpg,800,moths-and-moonlets,55,5997,jpg,2022-03-13
3000/pollen_55_5998.jpg,3000,moths-and-moonlets,55,5998,jpg,2022-03-13
800/pollen_55_5998.jpg,800,moths-and-moonlets,55,5998,jpg,2022-03-13
3000/pollen_55_5999.jpg,3000,moths-and-moonlets,55,5999,jpg,2022-03-13
800/pollen_55_5999.jpg,800,moths-and-moonlets,55,5999,jpg,2022-03-13
